VENTA;PROYECTO;MONEDA;ESTADO ACTUAL;ESTADO CALCULADO;SALDO COMERCIAL;SALDO CONTABLE;OBS. DIF. SALDOS;DIF. SALDOS
1324;CIUDAD DE DIOS NORTE;BS;Pendiente;Pendiente;34626.52;34626.52;OK;0
1341;CIUDAD DE DIOS NORTE;BS;Pagado;Pendiente;14624.76;14624.76;OK;0
1342;CIUDAD DE DIOS NORTE;BS;Pendiente;Pendiente;21644.89;21644.89;OK;0
1343;CIUDAD DE DIOS NORTE;BS;Pendiente;Pendiente;44107.28;44107.28;OK;0
1344;CIUDAD DE DIOS NORTE;BS;Pendiente;Pendiente;38707.16;38707.16;OK;0
1345;CIUDAD DE DIOS NORTE;BS;Pagado;Pendiente;19768.23;19768.23;OK;0
1346;CIUDAD DE DIOS NORTE;BS;Retenido;Pendiente;16433.23;16433.23;OK;0
1347;CIUDAD DE DIOS NORTE;BS;Pagado;Pendiente;17041.55;17041.55;OK;0
1356;CIUDAD DE DIOS NORTE;BS;Pagado;Pendiente;18404.57;18404.57;OK;0
1357;CIUDAD DE DIOS NORTE;BS;Pendiente;Pendiente;38814.17;38814.17;OK;0
1358;CIUDAD DE DIOS NORTE;BS;Pendiente;Pendiente;38924.22;38924.22;OK;0
1359;CIUDAD DE DIOS NORTE;BS;Pagado;Pendiente;27573.42;27573.42;OK;0
1360;CIUDAD DE DIOS NORTE;BS;Pendiente;Pendiente;15299.76;15299.76;OK;0
1361;CIUDAD DE DIOS NORTE;BS;Pendiente;Pendiente;35197.6;35197.6;OK;0
1362;CIUDAD DE DIOS NORTE;BS;Pagado;Pendiente;17041.55;17041.55;OK;0
1363;CIUDAD DE DIOS NORTE;BS;Pendiente;Pendiente;15899.92;15899.92;OK;0
1364;CIUDAD DE DIOS NORTE;BS;Pendiente;Pendiente;15899.92;15899.92;OK;0
1365;CIUDAD DE DIOS NORTE;BS;Pendiente;Pendiente;25633.8;25633.8;OK;0
1367;CIUDAD DE DIOS NORTE;BS;Pendiente;Pendiente;38920.22;38920.22;OK;0
1368;CIUDAD DE DIOS NORTE;BS;Pendiente;Pendiente;38814.17;38814.17;OK;0
1369;CIUDAD DE DIOS NORTE;BS;Pendiente;Pendiente;38707.16;38707.16;OK;0
1390;CIUDAD DE DIOS NORTE;BS;Retenido;Pendiente;31016.24;31016.24;OK;0
1391;CIUDAD DE DIOS NORTE;BS;Pagado;Pendiente;14732.89;14732.89;OK;0
1392;CIUDAD DE DIOS NORTE;BS;Pendiente;Pendiente;36635.58;36635.58;OK;0
1393;CIUDAD DE DIOS NORTE;BS;Retenido;Pendiente;27536.54;27536.54;OK;0
1395;CIUDAD DE DIOS NORTE;BS;Pendiente;Pendiente;38066.6;38066.6;OK;0
1396;CIUDAD DE DIOS NORTE;BS;Pagado;Pendiente;20644.89;20644.89;OK;0
1397;CIUDAD DE DIOS NORTE;BS;Pagado;Pendiente;15968.54;15968.54;OK;0
1398;CIUDAD DE DIOS NORTE;BS;Pendiente;Pendiente;20915.82;20915.82;OK;0
1399;CIUDAD DE DIOS NORTE;BS;Pendiente;Pendiente;16999.9;16999.9;OK;0
1400;CIUDAD DE DIOS NORTE;BS;Pagado;Pendiente;33794.56;33794.56;OK;0
1401;CIUDAD DE DIOS NORTE;BS;Pagado;Pendiente;42835.6;42835.6;OK;0
1404;CIUDAD DE DIOS NORTE;BS;Pagado;Pendiente;33009.3;33009.3;OK;0
1405;CIUDAD DE DIOS NORTE;BS;Pendiente;Pendiente;35046.23;35046.23;OK;0
1406;CIUDAD DE DIOS NORTE;BS;Pagado;Pendiente;22598.22;22598.22;OK;0
1407;CIUDAD DE DIOS NORTE;BS;Pagado;Pendiente;0;0;OK;0
1408;CIUDAD DE DIOS NORTE;BS;Pendiente;Pendiente;29174.74;29174.74;OK;0
1409;CIUDAD DE DIOS NORTE;BS;Retenido;Pendiente;40375;40375;OK;0
1410;CIUDAD DE DIOS NORTE;BS;Pendiente;Pendiente;19239.88;19239.88;OK;0
1411;CIUDAD DE DIOS NORTE;BS;Fusionado;Pendiente;40873.28;40873.28;OK;0
1412;CIUDAD DE DIOS NORTE;BS;Pendiente;Pendiente;42776.62;42776.62;OK;0
1413;CIUDAD DE DIOS NORTE;BS;Fusionado;Pendiente;42776.62;42776.62;OK;0
1414;CIUDAD DE DIOS NORTE;BS;Pendiente;Pendiente;30114.06;29864.06;ERROR;250
1425;CIUDAD DE DIOS NORTE;BS;Pagado;Pendiente;23245.56;23245.56;OK;0
1426;CIUDAD DE DIOS NORTE;BS;Pagado;Pendiente;25694.89;25694.89;OK;0
1427;CIUDAD DE DIOS NORTE;BS;Pagado;Pendiente;25694.89;25694.89;OK;0
1428;CIUDAD DE DIOS NORTE;BS;Pagado;Pendiente;31483.8;31233.8;ERROR;250
1429;CIUDAD DE DIOS NORTE;BS;Pendiente;Pendiente;46457.7;46457.7;OK;0
1430;CIUDAD DE DIOS NORTE;BS;Retenido;Pendiente;25840.75;25840.75;OK;0
1431;CIUDAD DE DIOS NORTE;BS;Pendiente;Pendiente;15800;15800;OK;0
1432;CIUDAD DE DIOS NORTE;BS;Pagado;Pendiente;24743.22;24743.22;OK;0
1443;CIUDAD DE DIOS NORTE;BS;Pagado;Pendiente;15866.23;15866.23;OK;0
1444;CIUDAD DE DIOS NORTE;BS;Pendiente;Pendiente;28889.51;28889.51;OK;0
1445;CIUDAD DE DIOS NORTE;BS;Pagado;Pendiente;26553.47;26553.47;OK;0
1446;CIUDAD DE DIOS NORTE;BS;Pagado;Pendiente;0;0;OK;0
1447;CIUDAD DE DIOS NORTE;BS;Pagado;Pendiente;23987.34;23847.34;ERROR;140
1458;CIUDAD DE DIOS NORTE;BS;Retenido;Pendiente;39324.95;39324.95;OK;0
1459;CIUDAD DE DIOS NORTE;BS;Retenido;Pendiente;19667.1;19667.1;OK;0
1460;CIUDAD DE DIOS NORTE;BS;Retenido;Pendiente;37134.42;37134.42;OK;0
1468;CIUDAD DE DIOS NORTE;BS;Pagado;Pendiente;15299.89;15299.89;OK;0
1494;CIUDAD DE DIOS NORTE;BS;Pagado;Pendiente;17723.22;17723.22;OK;0
1501;CIUDAD DE DIOS NORTE;BS;Pagado;Pendiente;26276.96;26276.96;OK;0
1504;CIUDAD DE DIOS NORTE;BS;Pagado;Pendiente;0;0;OK;0
1532;CIUDAD DE DIOS NORTE;BS;Pagado;Pendiente;0;0;OK;0
1533;CIUDAD DE DIOS NORTE;BS;Pagado;Pendiente;21093.22;20843.22;ERROR;250
1545;CIUDAD DE DIOS NORTE;BS;Pagado;Pendiente;31468.23;30208.25;ERROR;1259.98
1548;CIUDAD DE DIOS NORTE;BS;Pagado;Pendiente;18591.68;18591.68;OK;0
1549;CIUDAD DE DIOS NORTE;BS;Pendiente;Pendiente;20978.9;20978.9;OK;0
1550;CIUDAD DE DIOS NORTE;BS;Pendiente;Pendiente;21028.89;21028.89;OK;0
1551;CIUDAD DE DIOS NORTE;BS;Pendiente;Pendiente;15866.56;15866.56;OK;0
1552;CIUDAD DE DIOS NORTE;BS;Pendiente;Pendiente;15866.56;15866.56;OK;0
1553;CIUDAD DE DIOS NORTE;BS;Retenido;Pendiente;25694.89;25694.89;OK;0
1554;CIUDAD DE DIOS NORTE;BS;Pendiente;Pendiente;34669.42;34669.42;OK;0
1578;CIUDAD DE DIOS NORTE;BS;Pagado;Pendiente;0;0;OK;0
1579;CIUDAD DE DIOS NORTE;BS;Pagado;Pendiente;0;0;OK;0
1580;CIUDAD DE DIOS NORTE;BS;Pagado;Pendiente;0;0;OK;0
1637;CIUDAD DE DIOS NORTE;BS;Pagado;Pendiente;25694.56;25694.56;OK;0
1650;CIUDAD DE DIOS NORTE;BS;Retenido;Pendiente;43247.15;43247.15;OK;0
1651;CIUDAD DE DIOS NORTE;BS;Pendiente;Pendiente;30860.39;30860.39;OK;0
1652;CIUDAD DE DIOS NORTE;BS;Retenido;Pendiente;27969;27969;OK;0
1653;CIUDAD DE DIOS NORTE;BS;Pagado;Pendiente;26646.22;26646.22;OK;0
1714;CIUDAD DE DIOS NORTE;BS;Retenido;Pendiente;47040.8;47040.8;OK;0
1722;CIUDAD DE DIOS NORTE;BS;Pagado;Pendiente;28949.98;28949.98;OK;0
1726;CIUDAD DE DIOS NORTE;BS;Pagado;Pendiente;0;0;OK;0
1737;CIUDAD DE DIOS NORTE;BS;Pagado;Pendiente;19950.11;19250.11;ERROR;700
1738;CIUDAD DE DIOS NORTE;BS;Pendiente;Pendiente;19950.11;19250.11;ERROR;700
1739;CIUDAD DE DIOS NORTE;BS;Pagado;Pendiente;30368.89;30368.89;OK;0
1740;CIUDAD DE DIOS NORTE;BS;Pagado;Pendiente;29938.06;29938.06;OK;0
1741;CIUDAD DE DIOS NORTE;BS;Pagado;Pendiente;21679.34;21679.34;OK;0
1742;CIUDAD DE DIOS NORTE;BS;Pagado;Pendiente;17010;17010;OK;0
1785;CIUDAD DE DIOS NORTE;BS;Retenido;Pendiente;41958.3;41958.3;OK;0
1786;CIUDAD DE DIOS NORTE;BS;Retenido;Pendiente;42441.6;42441.6;OK;0
1815;CIUDAD DE DIOS NORTE;BS;Retenido;Pendiente;22602.46;22602.46;OK;0
1816;CIUDAD DE DIOS NORTE;BS;Pagado;Pendiente;31538.04;31538.04;OK;0
1817;CIUDAD DE DIOS NORTE;BS;Pagado;Pendiente;15633.27;15633.27;OK;0
1822;CIUDAD DE DIOS NORTE;BS;Retenido;Pendiente;35466.7;35466.7;OK;0
1823;CIUDAD DE DIOS NORTE;BS;Retenido;Pendiente;36100;36100;OK;0
1824;CIUDAD DE DIOS NORTE;BS;Retenido;Pendiente;35933.3;35933.3;OK;0
1825;CIUDAD DE DIOS NORTE;BS;Pagado;Pendiente;20115;20115;OK;0
1826;CIUDAD DE DIOS NORTE;BS;Pagado;Pendiente;25205.4;25205.4;OK;0
1932;CIUDAD DE DIOS NORTE;BS;Pagado;Pendiente;16999.9;16999.9;OK;0
1933;CIUDAD DE DIOS NORTE;BS;Pagado;Pendiente;22350;22350;OK;0
1934;CIUDAD DE DIOS NORTE;BS;Pagado;Pendiente;22355;22355;OK;0
1935;CIUDAD DE DIOS NORTE;BS;Pendiente;Pendiente;25254.4;25254.4;OK;0
1939;CIUDAD DE DIOS NORTE;BS;Retenido;Pendiente;48474.63;48474.63;OK;0
1940;CIUDAD DE DIOS NORTE;BS;Pendiente;Pendiente;24742.5;24742.5;OK;0
1954;CIUDAD DE DIOS NORTE;BS;Pagado;Pendiente;500;500;OK;0
1955;CIUDAD DE DIOS NORTE;BS;Pagado;Pendiente;27357.7;27357.7;OK;0
1967;CIUDAD DE DIOS NORTE;BS;Pagado;Pendiente;25359.17;25059.17;ERROR;300
1968;CIUDAD DE DIOS NORTE;BS;Pendiente;Pendiente;21297.38;20997.38;ERROR;300
1969;CIUDAD DE DIOS NORTE;BS;Pendiente;Pendiente;16390;16390;OK;0
1970;CIUDAD DE DIOS NORTE;BS;Pendiente;Pendiente;16390;16390;OK;0
1971;CIUDAD DE DIOS NORTE;BS;Pendiente;Pendiente;25955.92;25955.92;OK;0
1994;CIUDAD DE DIOS NORTE;BS;Pendiente;Pendiente;33017.58;33017.58;OK;0
1995;CIUDAD DE DIOS NORTE;BS;Pendiente;Pendiente;25955.92;25955.92;OK;0
1996;CIUDAD DE DIOS NORTE;BS;Pendiente;Pendiente;37251.67;37251.67;OK;0
1997;CIUDAD DE DIOS NORTE;BS;Pendiente;Pendiente;38062.83;38062.83;OK;0
1998;CIUDAD DE DIOS NORTE;BS;Pendiente;Pendiente;37955.27;37955.27;OK;0
1999;CIUDAD DE DIOS NORTE;BS;Pendiente;Pendiente;38169.16;38169.16;OK;0
2000;CIUDAD DE DIOS NORTE;BS;Pendiente;Pendiente;53428.08;53428.08;OK;0
2001;CIUDAD DE DIOS NORTE;BS;Pendiente;Pendiente;35865.56;35865.56;OK;0
2002;CIUDAD DE DIOS NORTE;BS;Pendiente;Pendiente;38276.43;38276.43;OK;0
2008;CIUDAD DE DIOS NORTE;BS;Retenido;Pendiente;22750.09;22750.09;OK;0
2044;CIUDAD DE DIOS NORTE;BS;Retenido;Pendiente;35325.68;35075.68;ERROR;250
2045;CIUDAD DE DIOS NORTE;BS;Pendiente;Pendiente;27780.32;27780.32;OK;0
2046;CIUDAD DE DIOS NORTE;BS;Pendiente;Pendiente;29330.17;29260.17;ERROR;70
2047;CIUDAD DE DIOS NORTE;BS;Pendiente;Pendiente;27479.44;27479.44;OK;0
2048;CIUDAD DE DIOS NORTE;BS;Pendiente;Pendiente;25461.38;25461.38;OK;0
2049;CIUDAD DE DIOS NORTE;BS;Pendiente;Pendiente;25254.4;25254.4;OK;0
2058;CIUDAD DE DIOS NORTE;BS;Pagado;Pendiente;30343.2;30343.2;OK;0
2059;CIUDAD DE DIOS NORTE;BS;Pagado;Pendiente;26250;26250;OK;0
2060;CIUDAD DE DIOS NORTE;BS;Pagado;Pendiente;24585;24585;OK;0
2061;CIUDAD DE DIOS NORTE;BS;Pagado;Pendiente;24585;24585;OK;0
2062;CIUDAD DE DIOS NORTE;BS;Pagado;Pendiente;24585;24585;OK;0
2063;CIUDAD DE DIOS NORTE;BS;Pagado;Pendiente;24585;24585;OK;0
2064;CIUDAD DE DIOS NORTE;BS;Pendiente;Pendiente;25955.44;25955.44;OK;0
2065;CIUDAD DE DIOS NORTE;BS;Pagado;Pendiente;11683.81;28453.88;ERROR;-16770.07
2096;CIUDAD DE DIOS NORTE;BS;Pendiente;Pendiente;30267.73;30267.73;OK;0
2109;CIUDAD DE DIOS NORTE;BS;Retenido;Pendiente;18327.16;18327.16;OK;0
2110;CIUDAD DE DIOS NORTE;BS;Pagado;Pendiente;18327.15;18327.15;OK;0
2111;CIUDAD DE DIOS NORTE;BS;Pagado;Pendiente;18327.15;18327.15;OK;0
2224;CIUDAD DE DIOS NORTE;BS;Pendiente;Pendiente;23920.57;23920.57;OK;0
2225;CIUDAD DE DIOS NORTE;BS;Pendiente;Pendiente;34272.1;34272.1;OK;0
2292;CIUDAD DE DIOS NORTE;BS;Pagado;Pendiente;22395;22395;OK;0
2293;CIUDAD DE DIOS NORTE;BS;Pendiente;Pendiente;10247.84;10177.84;ERROR;70
2294;CIUDAD DE DIOS NORTE;BS;Pagado;Pendiente;28875.12;28875.12;OK;0
2316;CIUDAD DE DIOS NORTE;BS;Pagado;Pendiente;17848.54;17358.54;ERROR;490
2317;CIUDAD DE DIOS NORTE;BS;Pagado;Pendiente;17845.22;17355.22;ERROR;490
2330;CIUDAD DE DIOS NORTE;BS;Fusionado;Pendiente;24417.02;24417.02;OK;0
2331;CIUDAD DE DIOS NORTE;BS;Pendiente;Pendiente;22166.76;22166.76;OK;0
2332;CIUDAD DE DIOS NORTE;BS;Pendiente;Pendiente;21150.01;21150.01;OK;0
2333;CIUDAD DE DIOS NORTE;BS;Pendiente;Pendiente;22029.68;22029.68;OK;0
2334;CIUDAD DE DIOS NORTE;BS;Pendiente;Pendiente;23414.77;23414.77;OK;0
2335;CIUDAD DE DIOS NORTE;BS;Fusionado;Pendiente;23342.09;23342.09;OK;0
2359;CIUDAD DE DIOS NORTE;BS;Pendiente;Pendiente;25373.6;25373.6;OK;0
2360;CIUDAD DE DIOS NORTE;BS;Pagado;Pendiente;23474.64;23474.64;OK;0
2366;CIUDAD DE DIOS NORTE;BS;Pagado;Pendiente;0;0;OK;0
2367;CIUDAD DE DIOS NORTE;BS;Pagado;Pendiente;0;0;OK;0
2368;CIUDAD DE DIOS NORTE;BS;Pendiente;Pendiente;28127.87;50909.41;ERROR;-22781.54
2369;CIUDAD DE DIOS NORTE;BS;Pendiente;Pendiente;31893.5;31893.5;OK;0
2385;CIUDAD DE DIOS NORTE;BS;Pagado;Pendiente;25464.91;25464.91;OK;0
2404;CIUDAD DE DIOS NORTE;BS;Retenido;Pendiente;31311.96;31311.96;OK;0
2405;CIUDAD DE DIOS NORTE;USD;Pagado;Pendiente;0;0.08;OK;-0.08
2406;CIUDAD DE DIOS NORTE;USD;Pagado;Pendiente;0;0;OK;0
2407;CIUDAD DE DIOS NORTE;USD;Pagado;Pendiente;3801.67;3801.67;OK;0
2408;CIUDAD DE DIOS NORTE;USD;Pagado;Pendiente;2908.21;2908.21;OK;0
2423;CIUDAD DE DIOS NORTE;USD;Pagado;Pendiente;0;0;OK;0
2424;CIUDAD DE DIOS NORTE;USD;Pagado;Pendiente;0;0;OK;0
2425;CIUDAD DE DIOS NORTE;BS;Pendiente;Pendiente;32971.12;32971.12;OK;0
2426;CIUDAD DE DIOS NORTE;BS;Pendiente;Pendiente;32971.12;32971.12;OK;0
2521;CIUDAD DE DIOS NORTE;BS;Pagado;Pendiente;23706.76;22166.76;ERROR;1540
2522;CIUDAD DE DIOS NORTE;BS;Pagado;Pendiente;23706.76;22166.76;ERROR;1540
2550;CIUDAD DE DIOS NORTE;BS;Pagado;Pendiente;11764;11764;OK;0
2551;CIUDAD DE DIOS NORTE;BS;Pagado;Pendiente;11764;11764;OK;0
2552;CIUDAD DE DIOS NORTE;BS;Fusionado;Pendiente;24045.82;24045.82;OK;0
2553;CIUDAD DE DIOS NORTE;BS;Pendiente;Pendiente;26855;26855;OK;0
2559;CIUDAD DE DIOS NORTE;BS;Pagado;Pendiente;1147.4;30832.4;ERROR;-29685
2566;CIUDAD DE DIOS NORTE;BS;Pagado;Pendiente;19885.44;19885.44;OK;0
2567;CIUDAD DE DIOS NORTE;USD;Pagado;Pendiente;0;0.02;OK;-0.02
2568;CIUDAD DE DIOS NORTE;USD;Pagado;Pendiente;0;0;OK;0
2569;CIUDAD DE DIOS NORTE;BS;Pendiente;Pendiente;38544;38544;OK;0
2592;CIUDAD DE DIOS NORTE;USD;Pagado;Pendiente;0;0;OK;0
2608;CIUDAD DE DIOS NORTE;BS;Fusionado;Pendiente;36753.32;36753.32;OK;0
2609;CIUDAD DE DIOS NORTE;BS;Pendiente;Pendiente;25254.4;25254.4;OK;0
2610;CIUDAD DE DIOS NORTE;BS;Pendiente;Pendiente;25254.4;25254.4;OK;0
2693;CIUDAD DE DIOS NORTE;BS;Pendiente;Pendiente;27663.56;27663.56;OK;0
2694;CIUDAD DE DIOS NORTE;BS;Pagado;Pendiente;27608.96;27358.96;ERROR;250
2695;CIUDAD DE DIOS NORTE;BS;Pendiente;Pendiente;27608.96;27358.96;ERROR;250
2696;CIUDAD DE DIOS NORTE;USD;Retenido;Pendiente;0;0;OK;0
2702;CIUDAD DE DIOS NORTE;BS;Pendiente;Pendiente;28060.48;28060.48;OK;0
2703;CIUDAD DE DIOS NORTE;BS;Pendiente;Pendiente;24585;24585;OK;0
2704;CIUDAD DE DIOS NORTE;BS;Pendiente;Pendiente;24585;24585;OK;0
2705;CIUDAD DE DIOS NORTE;BS;Pendiente;Pendiente;26855;26855;OK;0
2706;CIUDAD DE DIOS NORTE;BS;Fusionado;Pendiente;50065.26;50065.26;OK;0
2707;CIUDAD DE DIOS NORTE;BS;Pagado;Pendiente;60725.2;60725.2;OK;0
2708;CIUDAD DE DIOS NORTE;BS;Pagado;Pendiente;47207.85;47207.85;OK;0
2735;CIUDAD DE DIOS NORTE;BS;Pendiente;Pendiente;23332.06;23332.06;OK;0
2736;CIUDAD DE DIOS NORTE;BS;Pendiente;Pendiente;23916.41;23916.41;OK;0
2737;CIUDAD DE DIOS NORTE;BS;Pendiente;Pendiente;26820;26820;OK;0
2738;CIUDAD DE DIOS NORTE;BS;Pendiente;Pendiente;24585;24585;OK;0
2739;CIUDAD DE DIOS NORTE;BS;Pendiente;Pendiente;24780;24780;OK;0
2778;CIUDAD DE DIOS NORTE;BS;Pagado;Pendiente;0;0;OK;0
2823;CIUDAD DE DIOS NORTE;BS;Pagado;Pendiente;21816.43;21816.43;OK;0
2824;CIUDAD DE DIOS NORTE;USD;Pagado;Pendiente;0;0;OK;0
2825;CIUDAD DE DIOS NORTE;USD;Pagado;Pendiente;77.29;77.29;OK;0
2850;CIUDAD DE DIOS NORTE;BS;Pendiente;Pendiente;22800.08;22800.08;OK;0
2851;CIUDAD DE DIOS NORTE;BS;Pendiente;Pendiente;22800.08;22800.08;OK;0
2852;CIUDAD DE DIOS NORTE;BS;Pendiente;Pendiente;21533.42;21533.42;OK;0
2853;CIUDAD DE DIOS NORTE;BS;Pendiente;Pendiente;21533.42;21533.42;OK;0
2862;CIUDAD DE DIOS NORTE;BS;Pagado;Pendiente;21533.42;21533.42;OK;0
2863;CIUDAD DE DIOS NORTE;BS;Pendiente;Pendiente;21533.42;21533.42;OK;0
2864;CIUDAD DE DIOS NORTE;BS;Fusionado;Pendiente;26250.07;26250.07;OK;0
2865;CIUDAD DE DIOS NORTE;BS;Pendiente;Pendiente;23333.42;23333.42;OK;0
2884;CIUDAD DE DIOS NORTE;BS;Pagado;Pendiente;0;0;OK;0
2885;CIUDAD DE DIOS NORTE;BS;Pagado;Pendiente;0;0;OK;0
2886;CIUDAD DE DIOS NORTE;BS;Pagado;Pendiente;0;0;OK;0
2949;CIUDAD DE DIOS NORTE;BS;Pendiente;Pendiente;23333.42;23333.42;OK;0
2950;CIUDAD DE DIOS NORTE;BS;Pendiente;Pendiente;27010;27010;OK;0
2951;CIUDAD DE DIOS NORTE;BS;Pendiente;Pendiente;26356.59;26356.59;OK;0
2969;CIUDAD DE DIOS NORTE;BS;Pendiente;Pendiente;36190.31;36190.31;OK;0
2970;CIUDAD DE DIOS NORTE;BS;Pagado;Pendiente;22493.3;22493.3;OK;0
2971;CIUDAD DE DIOS NORTE;BS;Pagado;Pendiente;23131.95;23131.95;OK;0
2990;CIUDAD DE DIOS NORTE;BS;Pendiente;Pendiente;31296.72;31296.72;OK;0
2991;CIUDAD DE DIOS NORTE;BS;Pendiente;Pendiente;22800.08;22800.08;OK;0
3212;CIUDAD DE DIOS NORTE;BS;Pendiente;Pendiente;27779.59;27779.59;OK;0
3213;CIUDAD DE DIOS NORTE;BS;Pendiente;Pendiente;30119.92;30119.92;OK;0
3277;CIUDAD DE DIOS NORTE;BS;Pendiente;Pendiente;23256.3;23256.3;OK;0
3283;CIUDAD DE DIOS NORTE;BS;Pendiente;Pendiente;31425.04;30165.04;ERROR;1260
3284;CIUDAD DE DIOS NORTE;BS;Pendiente;Pendiente;29463.04;29463.04;OK;0
3285;CIUDAD DE DIOS NORTE;BS;Pendiente;Pendiente;30869.56;30869.56;OK;0
3286;CIUDAD DE DIOS NORTE;BS;Pendiente;Pendiente;30866.52;30866.52;OK;0
3287;CIUDAD DE DIOS NORTE;BS;Pendiente;Pendiente;24664.12;24664.12;OK;0
3295;CIUDAD DE DIOS NORTE;BS;Pendiente;Pendiente;29463.52;29463.52;OK;0
3296;CIUDAD DE DIOS NORTE;BS;Pendiente;Pendiente;30686.72;30616.72;ERROR;70
3327;CIUDAD DE DIOS NORTE;BS;Pendiente;Pendiente;26317.38;26317.38;OK;0
3328;CIUDAD DE DIOS NORTE;BS;Pendiente;Pendiente;27740;27740;OK;0
3363;CIUDAD DE DIOS NORTE;BS;Pagado;Pagado;0;0;OK;0
3364;CIUDAD DE DIOS NORTE;BS;Pagado;Pagado;0;0;OK;0
3365;CIUDAD DE DIOS NORTE;BS;Pagado;Pagado;0;0;OK;0
3379;CIUDAD DE DIOS NORTE;BS;Pagado;Pendiente;18449.6;18449.6;OK;0
3380;CIUDAD DE DIOS NORTE;BS;Pagado;Pendiente;18449.6;18449.6;OK;0
3399;CIUDAD DE DIOS NORTE;BS;Pagado;Pendiente;20363.18;19663.18;ERROR;700
3400;CIUDAD DE DIOS NORTE;BS;Pagado;Pendiente;21255.44;20275.44;ERROR;980
3401;CIUDAD DE DIOS NORTE;USD;Pagado;Pendiente;0;312.53;ERROR;-312.53
3402;CIUDAD DE DIOS NORTE;USD;Pagado;Pendiente;0;0;OK;0
3438;CIUDAD DE DIOS NORTE;BS;Pendiente;Pendiente;29323.26;29323.26;OK;0
3440;CIUDAD DE DIOS NORTE;BS;Pendiente;Pendiente;33811.12;30871.12;ERROR;2940
3441;CIUDAD DE DIOS NORTE;BS;Pendiente;Pendiente;29463.52;29463.52;OK;0
3442;CIUDAD DE DIOS NORTE;BS;Pagado;Pendiente;18153.45;18083.45;ERROR;70
3447;CIUDAD DE DIOS NORTE;BS;Pagado;Pendiente;21081.03;21081.03;OK;0
3448;CIUDAD DE DIOS NORTE;BS;Pagado;Pendiente;21409.24;21409.24;OK;0
3449;CIUDAD DE DIOS NORTE;BS;Pagado;Pendiente;19035.75;18825.75;ERROR;210
3457;CIUDAD DE DIOS NORTE;BS;Pendiente;Pendiente;27780.41;27780.41;OK;0
3458;CIUDAD DE DIOS NORTE;BS;Retenido;Pendiente;30866.54;30866.54;OK;0
3459;CIUDAD DE DIOS NORTE;BS;Pagado;Pendiente;25232.95;25232.95;OK;0
3460;CIUDAD DE DIOS NORTE;BS;Pagado;Pendiente;0;0;OK;0
3461;CIUDAD DE DIOS NORTE;BS;Pagado;Pendiente;0;0;OK;0
3462;CIUDAD DE DIOS NORTE;BS;Pendiente;Pendiente;25283.78;25283.78;OK;0
3463;CIUDAD DE DIOS NORTE;BS;Pagado;Pendiente;0;0;OK;0
3464;CIUDAD DE DIOS NORTE;BS;Pendiente;Pendiente;45980;45980;OK;0
3472;CIUDAD DE DIOS NORTE;BS;Retenido;Pendiente;34335.31;34335.31;OK;0
3473;CIUDAD DE DIOS NORTE;BS;Retenido;Pendiente;30854.1;30854.1;OK;0
3478;CIUDAD DE DIOS NORTE;BS;Pendiente;Pendiente;36038.72;36038.72;OK;0
3481;CIUDAD DE DIOS NORTE;BS;Pendiente;Pendiente;25881.02;25671.02;ERROR;210
3486;CIUDAD DE DIOS NORTE;BS;Pendiente;Pendiente;23588.42;23588.42;OK;0
3487;CIUDAD DE DIOS NORTE;USD;Pagado;Pendiente;3302.16;3302.16;OK;0
3488;CIUDAD DE DIOS NORTE;BS;Pagado;Pendiente;16341.9;15361.9;ERROR;980
3489;CIUDAD DE DIOS NORTE;BS;Pagado;Pendiente;18274.1;17294.1;ERROR;980
3490;CIUDAD DE DIOS NORTE;BS;Pagado;Pendiente;16080.5;15100.5;ERROR;980
3491;CIUDAD DE DIOS NORTE;BS;Pagado;Pendiente;16080.5;15100.5;ERROR;980
3502;CIUDAD DE DIOS NORTE;BS;Pagado;Pendiente;0;0.01;OK;-0.01
3503;CIUDAD DE DIOS NORTE;BS;Pendiente;Pendiente;28733.97;28733.97;OK;0
3504;CIUDAD DE DIOS NORTE;BS;Pendiente;Pendiente;35573.23;35573.23;OK;0
3505;CIUDAD DE DIOS NORTE;BS;Pendiente;Pendiente;35910.45;35910.45;OK;0
3506;CIUDAD DE DIOS NORTE;BS;Pendiente;Pendiente;26199.68;26199.68;OK;0
3507;CIUDAD DE DIOS NORTE;BS;Pagado;Pendiente;40053.24;40053.24;OK;0
3508;CIUDAD DE DIOS NORTE;BS;Pagado;Pendiente;42556.58;42556.58;OK;0
3509;CIUDAD DE DIOS NORTE;BS;Pagado;Pendiente;42556.58;42556.58;OK;0
3510;CIUDAD DE DIOS NORTE;BS;Pagado;Pendiente;0;0;OK;0
3511;CIUDAD DE DIOS NORTE;BS;Pagado;Pendiente;0;0;OK;0
3522;CIUDAD DE DIOS NORTE;USD;Pagado;Pendiente;0;0;OK;0
3535;CIUDAD DE DIOS NORTE;BS;Pendiente;Pendiente;25666.38;25666.38;OK;0
3536;CIUDAD DE DIOS NORTE;BS;Pagado;Pendiente;24200.87;24130.87;ERROR;70
3537;CIUDAD DE DIOS NORTE;BS;Pagado;Pendiente;39676.39;39676.39;OK;0
3538;CIUDAD DE DIOS NORTE;BS;Pagado;Pendiente;39676.39;39676.39;OK;0
3539;CIUDAD DE DIOS NORTE;BS;Pendiente;Pendiente;45980;45980;OK;0
3540;CIUDAD DE DIOS NORTE;BS;Pendiente;Pendiente;27277.68;27277.68;OK;0
3562;CIUDAD DE DIOS NORTE;BS;Pendiente;Pendiente;48019.24;48019.24;OK;0
3563;CIUDAD DE DIOS NORTE;BS;Pendiente;Pendiente;47885.47;47885.47;OK;0
3564;CIUDAD DE DIOS NORTE;BS;Pendiente;Pendiente;47750.23;47750.23;OK;0
3565;CIUDAD DE DIOS NORTE;BS;Pendiente;Pendiente;42989.24;42989.24;OK;0
3566;CIUDAD DE DIOS NORTE;BS;Pendiente;Pendiente;29920;29920;OK;0
3567;CIUDAD DE DIOS NORTE;BS;Pendiente;Pendiente;21051;22158.95;ERROR;-1107.95
3581;CIUDAD DE DIOS NORTE;BS;Pendiente;Pendiente;30165.04;30165.04;OK;0
3582;CIUDAD DE DIOS NORTE;BS;Pendiente;Pendiente;30165.04;30165.04;OK;0
3604;CIUDAD DE DIOS NORTE;BS;Pendiente;Pendiente;35868.64;35868.64;OK;0
3605;CIUDAD DE DIOS NORTE;BS;Pagado;Pendiente;27338.5;27338.5;OK;0
3628;CIUDAD DE DIOS NORTE;USD;Pagado;Pendiente;2479.89;2479.89;OK;0
3635;CIUDAD DE DIOS NORTE;BS;Pagado;Pendiente;2045.36;21876.37;ERROR;-19831.01
3636;CIUDAD DE DIOS NORTE;BS;Pendiente;Pendiente;30524;30524;OK;0
3644;CIUDAD DE DIOS NORTE;BS;Pendiente;Pendiente;30165.04;30165.04;OK;0
3645;CIUDAD DE DIOS NORTE;BS;Pendiente;Pendiente;31568.08;31568.08;OK;0
3646;CIUDAD DE DIOS NORTE;BS;Pendiente;Pendiente;24500.08;24500.08;OK;0
3647;CIUDAD DE DIOS NORTE;BS;Pendiente;Pendiente;78829.3;78829.3;OK;0
3648;CIUDAD DE DIOS NORTE;BS;Pagado;Pendiente;0;0;OK;0
3649;CIUDAD DE DIOS NORTE;BS;Pagado;Pendiente;0;0;OK;0
3650;CIUDAD DE DIOS NORTE;BS;Pagado;Pendiente;0;0;OK;0
3657;CIUDAD DE DIOS NORTE;BS;Pendiente;Pendiente;6210;6210;OK;0
3673;CIUDAD DE DIOS NORTE;BS;Retenido;Pendiente;29956.67;29956.67;OK;0
3674;CIUDAD DE DIOS NORTE;BS;Pagado;Pendiente;25722.16;25722.16;OK;0
3692;CIUDAD DE DIOS NORTE;BS;Pendiente;Pendiente;31568.08;31568.08;OK;0
3693;CIUDAD DE DIOS NORTE;BS;Pendiente;Pendiente;29323.13;29323.13;OK;0
3694;CIUDAD DE DIOS NORTE;BS;Pendiente;Pendiente;27054.69;27054.69;OK;0
3695;CIUDAD DE DIOS NORTE;BS;Pendiente;Pendiente;27049.62;27049.62;OK;0
3696;CIUDAD DE DIOS NORTE;BS;Pendiente;Pendiente;31568.08;31568.08;OK;0
3697;CIUDAD DE DIOS NORTE;BS;Retenido;Pendiente;46425.92;46425.92;OK;0
3698;CIUDAD DE DIOS NORTE;BS;Pagado;Pendiente;10000;10000;OK;0
3699;CIUDAD DE DIOS NORTE;BS;Pagado;Pendiente;26043.82;26043.82;OK;0
3700;CIUDAD DE DIOS NORTE;USD;Pagado;Pendiente;0;952.54;ERROR;-952.54
3701;CIUDAD DE DIOS NORTE;USD;Pagado;Pendiente;2778.32;2778.32;OK;0
3702;CIUDAD DE DIOS NORTE;BS;Pagado;Pendiente;0;3643.75;ERROR;-3643.75
3703;CIUDAD DE DIOS NORTE;BS;Pendiente;Pendiente;21050.8;22158.76;ERROR;-1107.96
3733;CIUDAD DE DIOS NORTE;BS;Pagado;Pendiente;28937.5;28937.5;OK;0
3734;CIUDAD DE DIOS NORTE;BS;Pendiente;Pendiente;57221.72;57221.72;OK;0
3735;CIUDAD DE DIOS NORTE;BS;Pendiente;Pendiente;25079.24;25079.24;OK;0
3736;CIUDAD DE DIOS NORTE;BS;Pagado;Pendiente;25079.24;25079.24;OK;0
3737;CIUDAD DE DIOS NORTE;BS;Pendiente;Pendiente;30094.6;30094.6;OK;0
3738;CIUDAD DE DIOS NORTE;BS;Pendiente;Pendiente;30094.93;30094.93;OK;0
3762;CIUDAD DE DIOS NORTE;BS;Retenido;Pendiente;27930;27930;OK;0
3763;CIUDAD DE DIOS NORTE;BS;Pendiente;Pendiente;26833.4;26833.4;OK;0
3783;CIUDAD DE DIOS NORTE;BS;Pagado;Pagado;0;0;OK;0
3784;CIUDAD DE DIOS NORTE;BS;Pagado;Pendiente;27008.4;27008.4;OK;0
3785;CIUDAD DE DIOS NORTE;BS;Pagado;Pendiente;0.01;0.01;OK;0
3864;CIUDAD DE DIOS NORTE;BS;Pendiente;Pendiente;27740;27740;OK;0
3865;CIUDAD DE DIOS NORTE;BS;Pendiente;Pendiente;29322.9;29322.9;OK;0
3866;CIUDAD DE DIOS NORTE;BS;Pendiente;Pendiente;32082.82;32082.82;OK;0
3874;CIUDAD DE DIOS NORTE;BS;Pendiente;Pendiente;56915.26;56915.26;OK;0
3879;CIUDAD DE DIOS NORTE;BS;Pagado;Pendiente;25666.6;25666.6;OK;0
3899;CIUDAD DE DIOS NORTE;BS;Pagado;Pendiente;26155.58;25955.58;ERROR;200
3900;CIUDAD DE DIOS NORTE;BS;Pendiente;Pendiente;37569.52;37569.52;OK;0
3901;CIUDAD DE DIOS NORTE;BS;Pendiente;Pendiente;25837.5;25837.5;OK;0
3902;CIUDAD DE DIOS NORTE;BS;Pendiente;Pendiente;34511.12;34511.12;OK;0
3904;CIUDAD DE DIOS NORTE;BS;Pagado;Pendiente;35062.49;35062.49;OK;0
3905;CIUDAD DE DIOS NORTE;BS;Pagado;Pendiente;31556.25;31556.25;OK;0
3906;CIUDAD DE DIOS NORTE;USD;Pagado;Pendiente;2976.76;2976.76;OK;0
3907;CIUDAD DE DIOS NORTE;USD;Pagado;Pendiente;2976.76;2976.76;OK;0
3908;CIUDAD DE DIOS NORTE;USD;Pagado;Pendiente;2976.76;2976.76;OK;0
3912;CIUDAD DE DIOS NORTE;BS;Pendiente;Pendiente;40693.8;40693.8;OK;0
3913;CIUDAD DE DIOS NORTE;BS;Pendiente;Pendiente;22969.55;41213.28;ERROR;-18243.73
3919;CIUDAD DE DIOS NORTE;BS;Pendiente;Pendiente;26268.68;26268.68;OK;0
3920;CIUDAD DE DIOS NORTE;BS;Retenido;Pendiente;46683.91;46683.91;OK;0
3921;CIUDAD DE DIOS NORTE;USD;Pagado;Pendiente;0;0;OK;0
3942;CIUDAD DE DIOS NORTE;BS;Pendiente;Pendiente;40693.16;40693.16;OK;0
3943;CIUDAD DE DIOS NORTE;BS;Pendiente;Pendiente;48814.73;48814.73;OK;0
3944;CIUDAD DE DIOS NORTE;BS;Pendiente;Pendiente;29930;29930;OK;0
3945;CIUDAD DE DIOS NORTE;BS;Fusionado;Pendiente;29930;29930;OK;0
3978;CIUDAD DE DIOS NORTE;BS;Pagado;Pendiente;30094.93;30094.93;OK;0
3979;CIUDAD DE DIOS NORTE;BS;Retenido;Pendiente;27416.73;27416.73;OK;0
3980;CIUDAD DE DIOS NORTE;BS;Retenido;Pendiente;27416.73;27416.73;OK;0
3981;CIUDAD DE DIOS NORTE;BS;Retenido;Pendiente;27416.73;27416.73;OK;0
3982;CIUDAD DE DIOS NORTE;BS;Retenido;Pendiente;27416.73;27416.73;OK;0
3983;CIUDAD DE DIOS NORTE;BS;Pendiente;Pendiente;24383.26;24383.26;OK;0
4005;CIUDAD DE DIOS NORTE;BS;Pendiente;Pendiente;35185.3;35185.3;OK;0
4006;CIUDAD DE DIOS NORTE;BS;Pendiente;Pendiente;56746.16;56746.21;OK;-0.05
4007;CIUDAD DE DIOS NORTE;BS;Pendiente;Pendiente;30866.6;30866.6;OK;0
4008;CIUDAD DE DIOS NORTE;BS;Pendiente;Pendiente;30866.6;30866.6;OK;0
4023;CIUDAD DE DIOS NORTE;BS;Pagado;Pendiente;0;5178.56;ERROR;-5178.56
4024;CIUDAD DE DIOS NORTE;BS;Retenido;Pendiente;0;4206.89;ERROR;-4206.89
4025;CIUDAD DE DIOS NORTE;BS;Pendiente;Pendiente;29930;29930;OK;0
4032;CIUDAD DE DIOS NORTE;USD;Retenido;Pendiente;0;0;OK;0
4049;CIUDAD DE DIOS NORTE;BS;Pendiente;Pendiente;39825.97;39825.97;OK;0
4050;CIUDAD DE DIOS NORTE;BS;Pendiente;Pendiente;19262.84;19262.84;OK;0
4051;CIUDAD DE DIOS NORTE;USD;Pagado;Pendiente;2398.6;2398.6;OK;0
4058;CIUDAD DE DIOS NORTE;BS;Pagado;Pendiente;0;0;OK;0
4059;CIUDAD DE DIOS NORTE;BS;Pendiente;Pendiente;61494.48;61694.48;ERROR;-200
4063;CIUDAD DE DIOS NORTE;BS;Pendiente;Pendiente;26283.4;26283.4;OK;0
4064;CIUDAD DE DIOS NORTE;BS;Pendiente;Pendiente;26283.4;26283.4;OK;0
4065;CIUDAD DE DIOS NORTE;BS;Pendiente;Pendiente;26250.07;26250.07;OK;0
4066;CIUDAD DE DIOS NORTE;BS;Pendiente;Pendiente;26250.07;26250.07;OK;0
4067;CIUDAD DE DIOS NORTE;BS;Pendiente;Pendiente;29863.56;29863.56;OK;0
4103;CIUDAD DE DIOS NORTE;BS;Pendiente;Pendiente;28470;28470;OK;0
4104;CIUDAD DE DIOS NORTE;BS;Pendiente;Pendiente;26250.07;26250.07;OK;0
4105;CIUDAD DE DIOS NORTE;BS;Pendiente;Pendiente;26250.07;26250.07;OK;0
4106;CIUDAD DE DIOS NORTE;BS;Pagado;Pendiente;80913.83;80913.83;OK;0
4107;CIUDAD DE DIOS NORTE;BS;Retenido;Pendiente;26833.23;26833.23;OK;0
4108;CIUDAD DE DIOS NORTE;BS;Pagado;Pendiente;0;4710;ERROR;-4710
4110;CIUDAD DE DIOS NORTE;BS;Cambiado;Pendiente;46945;46945;OK;0
4127;CIUDAD DE DIOS NORTE;BS;Pagado;Pendiente;27824.75;27824.75;OK;0
4157;CIUDAD DE DIOS NORTE;BS;Pagado;Pendiente;25550;25550;OK;0
4158;CIUDAD DE DIOS NORTE;BS;Pagado;Pendiente;25550;25550;OK;0
4170;CIUDAD DE DIOS NORTE;BS;Pendiente;Pendiente;41666.27;41666.27;OK;0
4188;CIUDAD DE DIOS NORTE;BS;Pendiente;Pendiente;31638.27;31638.27;OK;0
4189;CIUDAD DE DIOS NORTE;BS;Pagado;Pendiente;27972.98;27972.98;OK;0
4190;CIUDAD DE DIOS NORTE;BS;Pagado;Pendiente;27972.98;27972.98;OK;0
4191;CIUDAD DE DIOS NORTE;BS;Pendiente;Pendiente;26833.4;26833.4;OK;0
4200;CIUDAD DE DIOS NORTE;BS;Pendiente;Pendiente;32409.94;32409.94;OK;0
4201;CIUDAD DE DIOS NORTE;BS;Pendiente;Pendiente;32758.44;32409.94;ERROR;348.5
4202;CIUDAD DE DIOS NORTE;BS;Pagado;Pendiente;27902.14;27902.14;OK;0
4203;CIUDAD DE DIOS NORTE;USD;Pagado;Pagado;0;0;OK;0
4204;CIUDAD DE DIOS NORTE;USD;Pagado;Pagado;0;0;OK;0
4233;CIUDAD DE DIOS NORTE;USD;Pagado;Pendiente;4241.86;4241.86;OK;0
4234;CIUDAD DE DIOS NORTE;USD;Pagado;Pendiente;6587;6587;OK;0
4237;CIUDAD DE DIOS NORTE;BS;Pagado;Pendiente;0.01;0.01;OK;0
4245;CIUDAD DE DIOS NORTE;USD;Pagado;Pendiente;0;0;OK;0
4246;CIUDAD DE DIOS NORTE;USD;Pagado;Pendiente;0;0;OK;0
4256;CIUDAD DE DIOS NORTE;BS;Pagado;Pendiente;0;0;OK;0
4257;CIUDAD DE DIOS NORTE;BS;Pagado;Pendiente;22615.18;22615.18;OK;0
4267;CIUDAD DE DIOS NORTE;BS;Pagado;Pendiente;29200;29200;OK;0
4268;CIUDAD DE DIOS NORTE;BS;Pagado;Pendiente;0;0;OK;0
4317;CIUDAD DE DIOS NORTE;BS;Pendiente;Pendiente;58566.8;58566.8;OK;0
4318;CIUDAD DE DIOS NORTE;BS;Pendiente;Pendiente;61001.3;61001.3;OK;0
4319;CIUDAD DE DIOS NORTE;BS;Pendiente;Pendiente;27416.73;27416.73;OK;0
4338;CIUDAD DE DIOS NORTE;BS;Pendiente;Pendiente;31558;31558;OK;0
4339;CIUDAD DE DIOS NORTE;BS;Pagado;Pendiente;26462.5;26462.5;OK;0
4340;CIUDAD DE DIOS NORTE;BS;Pendiente;Pendiente;27416.73;27416.73;OK;0
4341;CIUDAD DE DIOS NORTE;BS;Pendiente;Pendiente;27416.73;27416.73;OK;0
4342;CIUDAD DE DIOS NORTE;BS;Pendiente;Pendiente;28583.39;28583.39;OK;0
4343;CIUDAD DE DIOS NORTE;BS;Pagado;Pendiente;26462.5;26462.5;OK;0
4344;CIUDAD DE DIOS NORTE;BS;Pagado;Pendiente;26462.5;26462.5;OK;0
4345;CIUDAD DE DIOS NORTE;BS;Pendiente;Pendiente;27416.73;27416.73;OK;0
4346;CIUDAD DE DIOS NORTE;BS;Pendiente;Pendiente;50066.6;50066.6;OK;0
4353;CIUDAD DE DIOS NORTE;BS;Pendiente;Pendiente;61000;61000;OK;0
4354;CIUDAD DE DIOS NORTE;BS;Pendiente;Pendiente;61341.6;61341.6;OK;0
4357;CIUDAD DE DIOS NORTE;BS;Pendiente;Pendiente;33107.8;33107.8;OK;0
4358;CIUDAD DE DIOS NORTE;BS;Fusionado;Pendiente;48592.7;48592.7;OK;0
4359;CIUDAD DE DIOS NORTE;BS;Pendiente;Pendiente;50821.24;50821.24;OK;0
4360;CIUDAD DE DIOS NORTE;BS;Pendiente;Pendiente;74689.13;74689.13;OK;0
4361;CIUDAD DE DIOS NORTE;BS;Pendiente;Pendiente;39031.7;38334.7;ERROR;697
4362;CIUDAD DE DIOS NORTE;BS;Pendiente;Pendiente;30866.6;30866.6;OK;0
4363;CIUDAD DE DIOS NORTE;BS;Pendiente;Pendiente;37791.48;37791.49;OK;-0.01
4375;CIUDAD DE DIOS NORTE;BS;Pendiente;Pendiente;28583.38;28583.38;OK;0
4382;CIUDAD DE DIOS NORTE;BS;Pendiente;Pendiente;25636.45;25636.45;OK;0
4403;CIUDAD DE DIOS NORTE;BS;Pendiente;Pendiente;28583.39;28583.39;OK;0
4404;CIUDAD DE DIOS NORTE;BS;Pendiente;Pendiente;27416.73;27416.73;OK;0
4405;CIUDAD DE DIOS NORTE;BS;Pendiente;Pendiente;27418.05;27418.05;OK;0
4406;CIUDAD DE DIOS NORTE;BS;Pagado;Pendiente;0;0;OK;0
4410;CIUDAD DE DIOS NORTE;BS;Fusionado;Pendiente;63383.89;63383.89;OK;0
4416;CIUDAD DE DIOS NORTE;BS;Pendiente;Pendiente;36061.78;36061.78;OK;0
4417;CIUDAD DE DIOS NORTE;BS;Pagado;Pendiente;0;5365.5;ERROR;-5365.5
4418;CIUDAD DE DIOS NORTE;BS;Pendiente;Pendiente;29383.1;29383.1;OK;0
4419;CIUDAD DE DIOS NORTE;BS;Pendiente;Pendiente;29469.21;29469.21;OK;0
4420;CIUDAD DE DIOS NORTE;BS;Pendiente;Pendiente;29474.92;29474.92;OK;0
4421;CIUDAD DE DIOS NORTE;BS;Pendiente;Pendiente;29464.61;29464.61;OK;0
4422;CIUDAD DE DIOS NORTE;BS;Retenido;Pendiente;48348.62;48348.62;OK;0
4423;CIUDAD DE DIOS NORTE;BS;Pendiente;Pendiente;26004.42;26004.42;OK;0
4430;CIUDAD DE DIOS NORTE;BS;Pendiente;Pendiente;27416.73;27416.73;OK;0
4431;CIUDAD DE DIOS NORTE;BS;Pendiente;Pendiente;27416.73;27416.73;OK;0
4432;CIUDAD DE DIOS NORTE;BS;Pendiente;Pendiente;28001.05;28001.05;OK;0
4433;CIUDAD DE DIOS NORTE;BS;Pendiente;Pendiente;32971.12;32971.12;OK;0
4434;CIUDAD DE DIOS NORTE;BS;Pendiente;Pendiente;37379.75;37379.75;OK;0
4435;CIUDAD DE DIOS NORTE;BS;Pendiente;Pendiente;37433.85;37433.85;OK;0
4436;CIUDAD DE DIOS NORTE;BS;Pendiente;Pendiente;40436.52;40436.52;OK;0
4437;CIUDAD DE DIOS NORTE;BS;Pendiente;Pendiente;30660;30660;OK;0
4438;CIUDAD DE DIOS NORTE;BS;Pendiente;Pendiente;37140.24;37140.24;OK;0
4439;CIUDAD DE DIOS NORTE;BS;Pendiente;Pendiente;45780.45;45780.45;OK;0
4448;CIUDAD DE DIOS NORTE;BS;Pendiente;Pendiente;38622.35;38622.35;OK;0
4449;CIUDAD DE DIOS NORTE;BS;Pendiente;Pendiente;38565.05;38565.05;OK;0
4450;CIUDAD DE DIOS NORTE;BS;Pendiente;Pendiente;27416.73;27416.73;OK;0
4451;CIUDAD DE DIOS NORTE;BS;Pendiente;Pendiente;29930;29930;OK;0
4463;CIUDAD DE DIOS NORTE;BS;Pendiente;Pendiente;48980.18;48980.18;OK;0
4473;CIUDAD DE DIOS NORTE;BS;Pagado;Pendiente;26462.5;26462.5;OK;0
4474;CIUDAD DE DIOS NORTE;BS;Pendiente;Pendiente;28000.06;28000.06;OK;0
4475;CIUDAD DE DIOS NORTE;BS;Fusionado;Pendiente;52030;52030;OK;0
4476;CIUDAD DE DIOS NORTE;BS;Pendiente;Pendiente;52030;52030;OK;0
4477;CIUDAD DE DIOS NORTE;BS;Pendiente;Pendiente;32971.12;32971.12;OK;0
4478;CIUDAD DE DIOS NORTE;BS;Pendiente;Pendiente;31225.65;31225.65;OK;0
4485;CIUDAD DE DIOS NORTE;BS;Pagado;Pendiente;25258.5;25258.5;OK;0
4492;CIUDAD DE DIOS NORTE;BS;Cambiado;Pendiente;43050;43050;OK;0
4493;CIUDAD DE DIOS NORTE;BS;Fusionado;Pendiente;43050;43050;OK;0
4507;CIUDAD DE DIOS NORTE;BS;Pendiente;Pendiente;32465;32465;OK;0
4508;CIUDAD DE DIOS NORTE;BS;Pendiente;Pendiente;30955;30955;OK;0
4509;CIUDAD DE DIOS NORTE;BS;Pendiente;Pendiente;27416.02;27416.02;OK;0
4510;CIUDAD DE DIOS NORTE;BS;Pendiente;Pendiente;28832.15;28832.15;OK;0
4511;CIUDAD DE DIOS NORTE;BS;Pendiente;Pendiente;28826.63;28826.63;OK;0
4512;CIUDAD DE DIOS NORTE;BS;Pendiente;Pendiente;28829.39;28829.39;OK;0
4513;CIUDAD DE DIOS NORTE;BS;Pendiente;Pendiente;28782.09;28782.09;OK;0
4514;CIUDAD DE DIOS NORTE;BS;Pendiente;Pendiente;39434.76;39434.76;OK;0
4515;CIUDAD DE DIOS NORTE;BS;Pendiente;Pendiente;30622.2;30622.2;OK;0
4516;CIUDAD DE DIOS NORTE;BS;Pendiente;Pendiente;30625.3;30625.3;OK;0
4517;CIUDAD DE DIOS NORTE;BS;Pendiente;Pendiente;59252.54;59252.54;OK;0
4531;CIUDAD DE DIOS NORTE;BS;Pagado;Pendiente;0;6761.18;ERROR;-6761.18
4553;CIUDAD DE DIOS NORTE;BS;Pagado;Pendiente;2383.04;28469.66;ERROR;-26086.62
4554;CIUDAD DE DIOS NORTE;BS;Pagado;Pendiente;28481.25;28481.25;OK;0
4555;CIUDAD DE DIOS NORTE;BS;Pagado;Pendiente;28286;28286;OK;0
4556;CIUDAD DE DIOS NORTE;BS;Pendiente;Pendiente;39489.8;39489.8;OK;0
4557;CIUDAD DE DIOS NORTE;BS;Pagado;Pendiente;31710;31710;OK;0
4558;CIUDAD DE DIOS NORTE;BS;Retenido;Pendiente;29166.72;29166.72;OK;0
4559;CIUDAD DE DIOS NORTE;BS;Pendiente;Pendiente;43778.48;43778.48;OK;0
4560;CIUDAD DE DIOS NORTE;BS;Pendiente;Pendiente;27998.22;27998.22;OK;0
4576;CIUDAD DE DIOS NORTE;BS;Pendiente;Pendiente;31742.15;31742.15;OK;0
4577;CIUDAD DE DIOS NORTE;BS;Pendiente;Pendiente;28000.05;28000.05;OK;0
4578;CIUDAD DE DIOS NORTE;BS;Pendiente;Pendiente;29958.46;39685.73;ERROR;-9727.27
4580;CIUDAD DE DIOS NORTE;BS;Pagado;Pendiente;32465;32465;OK;0
4581;CIUDAD DE DIOS NORTE;BS;Pendiente;Pendiente;52030;52030;OK;0
4585;CIUDAD DE DIOS NORTE;BS;Pendiente;Pendiente;29425.68;29425.68;OK;0
4586;CIUDAD DE DIOS NORTE;BS;Pendiente;Pendiente;29428.5;29428.5;OK;0
4587;CIUDAD DE DIOS NORTE;BS;Pendiente;Pendiente;29431.5;29431.5;OK;0
4588;CIUDAD DE DIOS NORTE;BS;Retenido;Pendiente;28583.39;28583.39;OK;0
4589;CIUDAD DE DIOS NORTE;BS;Retenido;Pendiente;28583.39;28583.39;OK;0
4590;CIUDAD DE DIOS NORTE;BS;Retenido;Pendiente;28583.39;28583.39;OK;0
4591;CIUDAD DE DIOS NORTE;BS;Pendiente;Pendiente;28582.79;28582.79;OK;0
4592;CIUDAD DE DIOS NORTE;BS;Retenido;Pendiente;33084.84;33084.84;OK;0
4593;CIUDAD DE DIOS NORTE;BS;Retenido;Pendiente;31249.8;31249.8;OK;0
4594;CIUDAD DE DIOS NORTE;BS;Pendiente;Pendiente;29414.4;29414.4;OK;0
4595;CIUDAD DE DIOS NORTE;BS;Pendiente;Pendiente;30029.6;30029.6;OK;0
4596;CIUDAD DE DIOS NORTE;BS;Pendiente;Pendiente;30032.96;30032.96;OK;0
4597;CIUDAD DE DIOS NORTE;BS;Retenido;Pendiente;33975;33975;OK;0
4598;CIUDAD DE DIOS NORTE;BS;Retenido;Pendiente;31710;31710;OK;0
4599;CIUDAD DE DIOS NORTE;BS;Retenido;Pendiente;31710;31710;OK;0
4606;CIUDAD DE DIOS NORTE;BS;Pendiente;Pendiente;29422.54;29422.54;OK;0
4607;CIUDAD DE DIOS NORTE;BS;Pendiente;Pendiente;32465;32465;OK;0
4616;CIUDAD DE DIOS NORTE;BS;Retenido;Pendiente;56322.64;56322.64;OK;0
4617;CIUDAD DE DIOS NORTE;BS;Retenido;Pendiente;47563.23;47563.23;OK;0
4618;CIUDAD DE DIOS NORTE;BS;Pendiente;Pendiente;53821.28;53821.28;OK;0
4619;CIUDAD DE DIOS NORTE;BS;Pendiente;Pendiente;38844.21;38844.21;OK;0
4631;CIUDAD DE DIOS NORTE;BS;Retenido;Pendiente;34730;34730;OK;0
4632;CIUDAD DE DIOS NORTE;BS;Retenido;Pendiente;34730;34730;OK;0
4633;CIUDAD DE DIOS NORTE;BS;Pendiente;Pendiente;29154.95;29154.95;OK;0
4645;CIUDAD DE DIOS NORTE;BS;Pendiente;Pendiente;33975;33975;OK;0
4646;CIUDAD DE DIOS NORTE;BS;Pendiente;Pendiente;33975;33975;OK;0
4647;CIUDAD DE DIOS NORTE;USD;Pagado;Pendiente;0;0;OK;0
4654;CIUDAD DE DIOS NORTE;BS;Pendiente;Pendiente;33220;33220;OK;0
4655;CIUDAD DE DIOS NORTE;BS;Pendiente;Pendiente;33220;33220;OK;0
4656;CIUDAD DE DIOS NORTE;USD;Pagado;Pagado;0;0;OK;0
4657;CIUDAD DE DIOS NORTE;USD;Pagado;Pagado;0;0;OK;0
4658;CIUDAD DE DIOS NORTE;BS;Pagado;Pagado;0;0;OK;0
4661;CIUDAD DE DIOS NORTE;BS;Pendiente;Pendiente;30886.73;30886.73;OK;0
4662;CIUDAD DE DIOS NORTE;BS;Pendiente;Pendiente;30886.73;30886.73;OK;0
4663;CIUDAD DE DIOS NORTE;BS;Pendiente;Pendiente;36080;36080;OK;0
4664;CIUDAD DE DIOS NORTE;BS;Pendiente;Pendiente;34440;34440;OK;0
4674;CIUDAD DE DIOS NORTE;BS;Retenido;Pendiente;28580.05;28580.05;OK;0
4688;CIUDAD DE DIOS NORTE;BS;Pendiente;Pendiente;33065;32665;ERROR;400
4689;CIUDAD DE DIOS NORTE;BS;Pendiente;Pendiente;48971;48971;OK;0
4690;CIUDAD DE DIOS NORTE;BS;Pendiente;Pendiente;28000.06;28000.06;OK;0
4691;CIUDAD DE DIOS NORTE;BS;Pagado;Pendiente;28312.5;28312.5;OK;0
4699;CIUDAD DE DIOS NORTE;BS;Pendiente;Pendiente;32465;32465;OK;0
4700;CIUDAD DE DIOS NORTE;BS;Pagado;Pendiente;31710;31710;OK;0
4706;CIUDAD DE DIOS NORTE;USD;Retenido;Pendiente;7288.34;7288.34;OK;0
4722;CIUDAD DE DIOS NORTE;BS;Pendiente;Pendiente;39379.56;39379.56;OK;0
4723;CIUDAD DE DIOS NORTE;BS;Pendiente;Pendiente;41568.3;41568.3;OK;0
4724;CIUDAD DE DIOS NORTE;BS;Pendiente;Pendiente;39811.3;39811.3;OK;0
4725;CIUDAD DE DIOS NORTE;BS;Pendiente;Pendiente;48720.55;48720.55;OK;0
4726;CIUDAD DE DIOS NORTE;BS;Cambiado;Pendiente;44075;44075;OK;0
4727;CIUDAD DE DIOS NORTE;BS;Pendiente;Pendiente;44625.1;44625.1;OK;0
4728;CIUDAD DE DIOS NORTE;BS;Retenido;Pendiente;45171.38;45171.38;OK;0
4729;CIUDAD DE DIOS NORTE;BS;Pendiente;Pendiente;51213;51213;OK;0
4730;CIUDAD DE DIOS NORTE;BS;Pagado;Pendiente;29895;29895;OK;0
4731;CIUDAD DE DIOS NORTE;BS;Pendiente;Pendiente;33975;33975;OK;0
4732;CIUDAD DE DIOS NORTE;BS;Pendiente;Pendiente;33975;33975;OK;0
4733;CIUDAD DE DIOS NORTE;BS;Pendiente;Pendiente;33975;33975;OK;0
4734;CIUDAD DE DIOS NORTE;BS;Pendiente;Pendiente;33975;33975;OK;0
4735;CIUDAD DE DIOS NORTE;BS;Pendiente;Pendiente;45864.5;45864.5;OK;0
4736;CIUDAD DE DIOS NORTE;BS;Pendiente;Pendiente;28000.06;28000.06;OK;0
4737;CIUDAD DE DIOS NORTE;BS;Retenido;Pendiente;28700.05;28700.05;OK;0
4743;CIUDAD DE DIOS NORTE;BS;Pendiente;Pendiente;33220;33220;OK;0
4745;CIUDAD DE DIOS NORTE;BS;Pendiente;Pendiente;30660;30660;OK;0
4746;CIUDAD DE DIOS NORTE;BS;Pendiente;Pendiente;31390;31390;OK;0
4747;CIUDAD DE DIOS NORTE;BS;Pendiente;Pendiente;15651.94;15651.94;OK;0
4748;CIUDAD DE DIOS NORTE;BS;Pendiente;Pendiente;35777.2;35777.2;OK;0
4749;CIUDAD DE DIOS NORTE;BS;Pendiente;Pendiente;35777.2;35777.2;OK;0
4763;CIUDAD DE DIOS NORTE;BS;Pendiente;Pendiente;28000.06;28000.06;OK;0
4770;CIUDAD DE DIOS NORTE;BS;Pagado;Pendiente;22938.27;22938.27;OK;0
4771;CIUDAD DE DIOS NORTE;BS;Pagado;Pendiente;22938.39;22938.39;OK;0
4773;CIUDAD DE DIOS NORTE;BS;Pendiente;Pendiente;31390;31390;OK;0
4774;CIUDAD DE DIOS NORTE;BS;Pendiente;Pendiente;30333.36;30333.36;OK;0
4775;CIUDAD DE DIOS NORTE;BS;Pendiente;Pendiente;30333.38;30333.38;OK;0
4776;CIUDAD DE DIOS NORTE;BS;Pendiente;Pendiente;30333.38;30333.38;OK;0
4777;CIUDAD DE DIOS NORTE;BS;Pendiente;Pendiente;30333.38;30333.38;OK;0
4778;CIUDAD DE DIOS NORTE;BS;Pendiente;Pendiente;30333.18;30333.18;OK;0
4779;CIUDAD DE DIOS NORTE;BS;Pendiente;Pendiente;32460;32460;OK;0
4780;CIUDAD DE DIOS NORTE;BS;Retenido;Pendiente;36478.72;36478.72;OK;0
4781;CIUDAD DE DIOS NORTE;BS;Retenido;Pendiente;36478.72;36478.72;OK;0
4782;CIUDAD DE DIOS NORTE;BS;Retenido;Pendiente;36478.72;36478.72;OK;0
4783;CIUDAD DE DIOS NORTE;BS;Retenido;Pendiente;36478.72;36478.72;OK;0
4784;CIUDAD DE DIOS NORTE;BS;Retenido;Pendiente;36478.72;36478.72;OK;0
4785;CIUDAD DE DIOS NORTE;BS;Pendiente;Pendiente;42392.45;42392.45;OK;0
4791;CIUDAD DE DIOS NORTE;BS;Retenido;Pendiente;32465;32465;OK;0
4792;CIUDAD DE DIOS NORTE;BS;Fusionado;Pendiente;43257.6;43257.6;OK;0
4793;CIUDAD DE DIOS NORTE;BS;Pendiente;Pendiente;44122.75;44122.75;OK;0
4794;CIUDAD DE DIOS NORTE;BS;Pendiente;Pendiente;51833.69;51833.69;OK;0
4798;CIUDAD DE DIOS NORTE;BS;Pendiente;Pendiente;41363.68;41363.68;OK;0
4799;CIUDAD DE DIOS NORTE;BS;Pendiente;Pendiente;41363.68;41363.68;OK;0
4832;CIUDAD DE DIOS NORTE;BS;Pendiente;Pendiente;55251.86;55251.86;OK;0
4844;CIUDAD DE DIOS NORTE;BS;Pendiente;Pendiente;38846.72;38846.72;OK;0
4865;CIUDAD DE DIOS NORTE;BS;Retenido;Pendiente;66446.98;66446.98;OK;0
4887;CIUDAD DE DIOS NORTE;BS;Pagado;Pendiente;92710.35;92710.35;OK;0
4888;CIUDAD DE DIOS NORTE;BS;Pendiente;Pendiente;56237.5;56237.5;OK;0
4893;CIUDAD DE DIOS NORTE;BS;Pendiente;Pendiente;33220;33220;OK;0
4894;CIUDAD DE DIOS NORTE;BS;Pendiente;Pendiente;45081.8;45081.8;OK;0
4895;CIUDAD DE DIOS NORTE;BS;Pendiente;Pendiente;45081.8;45081.8;OK;0
4896;CIUDAD DE DIOS NORTE;BS;Pendiente;Pendiente;45081.8;45081.8;OK;0
4897;CIUDAD DE DIOS NORTE;BS;Pendiente;Pendiente;45081.8;45081.8;OK;0
4898;CIUDAD DE DIOS NORTE;BS;Pendiente;Pendiente;54738.11;54738.11;OK;0
4903;CIUDAD DE DIOS NORTE;BS;Pendiente;Pendiente;54986.68;54986.68;OK;0
4907;CIUDAD DE DIOS NORTE;BS;Pagado;Pendiente;38964.87;38964.87;OK;0
4908;CIUDAD DE DIOS NORTE;BS;Pendiente;Pendiente;55562.65;55562.65;OK;0
4916;CIUDAD DE DIOS NORTE;BS;Retenido;Pendiente;0;0;OK;0
4925;CIUDAD DE DIOS NORTE;BS;Pendiente;Pendiente;39015.2;39015.2;OK;0
4937;CIUDAD DE DIOS NORTE;BS;Pendiente;Pendiente;35983;35983;OK;0
4938;CIUDAD DE DIOS NORTE;BS;Pendiente;Pendiente;42120.88;42120.88;OK;0
4939;CIUDAD DE DIOS NORTE;BS;Pendiente;Pendiente;28673.34;28673.34;OK;0
4940;CIUDAD DE DIOS NORTE;BS;Pendiente;Pendiente;28673.34;28673.34;OK;0
4953;CIUDAD DE DIOS NORTE;BS;Pendiente;Pendiente;44987.7;44987.7;OK;0
4956;CIUDAD DE DIOS NORTE;BS;Pagado;Pendiente;42121.28;42121.28;OK;0
4961;CIUDAD DE DIOS NORTE;BS;Pendiente;Pendiente;42963.7;43263.7;ERROR;-300
4964;CIUDAD DE DIOS NORTE;BS;Pagado;Pendiente;42121.28;42121.28;OK;0
4984;CIUDAD DE DIOS NORTE;BS;Pendiente;Pendiente;63189.35;63189.35;OK;0
4985;CIUDAD DE DIOS NORTE;BS;Pendiente;Pendiente;29771.14;29771.14;OK;0
4986;CIUDAD DE DIOS NORTE;BS;Pendiente;Pendiente;29771.14;29771.14;OK;0
4992;CIUDAD DE DIOS NORTE;BS;Pendiente;Pendiente;58208.55;58208.55;OK;0
4993;CIUDAD DE DIOS NORTE;BS;Pendiente;Pendiente;44122.75;44122.75;OK;0
4994;CIUDAD DE DIOS NORTE;BS;Pendiente;Pendiente;42113.3;42113.3;OK;0
5013;CIUDAD DE DIOS NORTE;BS;Pendiente;Pendiente;33952.95;33952.95;OK;0
5014;CIUDAD DE DIOS NORTE;BS;Pendiente;Pendiente;42500;42500;OK;0
5015;CIUDAD DE DIOS NORTE;BS;Pendiente;Pendiente;42500;42500;OK;0
5016;CIUDAD DE DIOS NORTE;BS;Pendiente;Pendiente;37423.3;37423.3;OK;0
5017;CIUDAD DE DIOS NORTE;BS;Pendiente;Pendiente;42963.7;42963.7;OK;0
5018;CIUDAD DE DIOS NORTE;BS;Fusionado;Pendiente;43806.12;43806.12;OK;0
5019;CIUDAD DE DIOS NORTE;BS;Pendiente;Pendiente;44987.9;44987.9;OK;0
5020;CIUDAD DE DIOS NORTE;BS;Retenido;Pendiente;35075.68;35075.68;OK;0
5021;CIUDAD DE DIOS NORTE;BS;Retenido;Pendiente;31322.5;31322.5;OK;0
5025;CIUDAD DE DIOS NORTE;BS;Pendiente;Pendiente;43189.7;43189.7;OK;0
5026;CIUDAD DE DIOS NORTE;BS;Pendiente;Pendiente;43189.7;43189.7;OK;0
5027;CIUDAD DE DIOS NORTE;BS;Pendiente;Pendiente;43189.7;43189.7;OK;0
5028;CIUDAD DE DIOS NORTE;BS;Pendiente;Pendiente;43189.7;43189.7;OK;0
5029;CIUDAD DE DIOS NORTE;BS;Pendiente;Pendiente;43189.7;43189.7;OK;0
5030;CIUDAD DE DIOS NORTE;BS;Pendiente;Pendiente;43189.7;43189.7;OK;0
5031;CIUDAD DE DIOS NORTE;BS;Pendiente;Pendiente;43209.7;43209.7;OK;0
5032;CIUDAD DE DIOS NORTE;BS;Pendiente;Pendiente;41582.54;41582.54;OK;0
5033;CIUDAD DE DIOS NORTE;BS;Pendiente;Pendiente;41582.54;41582.54;OK;0
5037;CIUDAD DE DIOS NORTE;BS;Pendiente;Pendiente;42500;42500;OK;0
5038;CIUDAD DE DIOS NORTE;BS;Pendiente;Pendiente;42500;42500;OK;0
5039;CIUDAD DE DIOS NORTE;BS;Pendiente;Pendiente;68058.44;68058.44;OK;0
5040;CIUDAD DE DIOS NORTE;BS;Pendiente;Pendiente;44833;44833;OK;0
5043;CIUDAD DE DIOS NORTE;BS;Pendiente;Pendiente;40950;40950;OK;0
5044;CIUDAD DE DIOS NORTE;BS;Pendiente;Pendiente;40950;40950;OK;0
5045;CIUDAD DE DIOS NORTE;BS;Pendiente;Pendiente;45050;45050;OK;0
5050;CIUDAD DE DIOS NORTE;BS;Pendiente;Pendiente;41950;41950;OK;0
5051;CIUDAD DE DIOS NORTE;BS;Pendiente;Pendiente;43055;43055;OK;0
5052;CIUDAD DE DIOS NORTE;BS;Pendiente;Pendiente;44200;44200;OK;0
5053;CIUDAD DE DIOS NORTE;BS;Pendiente;Pendiente;64593.56;64593.56;OK;0
5054;CIUDAD DE DIOS NORTE;BS;Pendiente;Pendiente;36704.5;36704.5;OK;0
5058;CIUDAD DE DIOS NORTE;BS;Pendiente;Pendiente;42121.28;42121.28;OK;0
5070;CIUDAD DE DIOS NORTE;BS;Pendiente;Pendiente;43155;43155;OK;0
5076;CIUDAD DE DIOS NORTE;BS;Pendiente;Pendiente;99890.4;99890.4;OK;0
5098;CIUDAD DE DIOS NORTE;BS;Pendiente;Pendiente;45074.41;45074.41;OK;0
5099;CIUDAD DE DIOS NORTE;BS;Retenido;Pendiente;104432.04;104432.04;OK;0
5100;CIUDAD DE DIOS NORTE;BS;Retenido;Pendiente;109657.73;109657.73;OK;0
5101;CIUDAD DE DIOS NORTE;BS;Retenido;Pendiente;70666.71;70666.71;OK;0
5102;CIUDAD DE DIOS NORTE;BS;Retenido;Pendiente;58358.29;58358.29;OK;0
5105;CIUDAD DE DIOS NORTE;BS;Retenido;Pendiente;35777.2;35777.2;OK;0
5106;CIUDAD DE DIOS NORTE;BS;Pendiente;Pendiente;38932.05;38932.05;OK;0
5107;CIUDAD DE DIOS NORTE;BS;Pendiente;Pendiente;70108.29;70108.29;OK;0
5108;CIUDAD DE DIOS NORTE;BS;Pendiente;Pendiente;70108.29;70108.29;OK;0
5117;CIUDAD DE DIOS NORTE;BS;Pendiente;Pendiente;44593.88;44593.88;OK;0
5118;CIUDAD DE DIOS NORTE;BS;Pendiente;Pendiente;42121.28;42121.28;OK;0
5119;CIUDAD DE DIOS NORTE;BS;Retenido;Pendiente;41140;56033;ERROR;-14893
5125;CIUDAD DE DIOS NORTE;BS;Retenido;Pendiente;45050;45050;OK;0
5126;CIUDAD DE DIOS NORTE;BS;Pendiente;Pendiente;44833.8;44833.8;OK;0
5127;CIUDAD DE DIOS NORTE;BS;Retenido;Pendiente;42004.35;42004.35;OK;0
5143;CIUDAD DE DIOS NORTE;BS;Pendiente;Pendiente;60040.95;60040.95;OK;0
5144;CIUDAD DE DIOS NORTE;BS;Pendiente;Pendiente;60040.95;60040.95;OK;0
5145;CIUDAD DE DIOS NORTE;BS;Fusionado;Pendiente;44987.9;44987.9;OK;0
5146;CIUDAD DE DIOS NORTE;BS;Pendiente;Pendiente;36654.1;36654.1;OK;0
5147;CIUDAD DE DIOS NORTE;BS;Pagado;Pendiente;48769.68;48769.68;OK;0
5151;CIUDAD DE DIOS NORTE;BS;Pendiente;Pendiente;45853;45853;OK;0
5152;CIUDAD DE DIOS NORTE;BS;Pendiente;Pendiente;48922.49;48922.49;OK;0
5153;CIUDAD DE DIOS NORTE;BS;Pendiente;Pendiente;43350;43350;OK;0
5154;CIUDAD DE DIOS NORTE;BS;Pendiente;Pendiente;43350;43350;OK;0
5158;CIUDAD DE DIOS NORTE;BS;Pendiente;Pendiente;96911.38;96911.38;OK;0
5161;CIUDAD DE DIOS NORTE;BS;Retenido;Pendiente;38143.9;38143.9;OK;0
5162;CIUDAD DE DIOS NORTE;BS;Pendiente;Pendiente;39103;39103;OK;0
5163;CIUDAD DE DIOS NORTE;BS;Pendiente;Pendiente;58038.5;58038.5;OK;0
5170;CIUDAD DE DIOS NORTE;BS;Pagado;Pendiente;49254.51;49254.51;OK;0
5177;CIUDAD DE DIOS NORTE;BS;Pendiente;Pendiente;46718.2;46718.2;OK;0
5178;CIUDAD DE DIOS NORTE;BS;Pendiente;Pendiente;73618.24;73018.24;ERROR;600
5179;CIUDAD DE DIOS NORTE;BS;Pagado;Pendiente;46268.67;46268.67;OK;0
5180;CIUDAD DE DIOS NORTE;BS;Pendiente;Pendiente;45853.05;45853.05;OK;0
5192;CIUDAD DE DIOS NORTE;BS;Pendiente;Pendiente;58180.5;58180.5;OK;0
5193;CIUDAD DE DIOS NORTE;BS;Pendiente;Pendiente;44122.75;44122.75;OK;0
5194;CIUDAD DE DIOS NORTE;BS;Pendiente;Pendiente;44122.75;44122.75;OK;0
5195;CIUDAD DE DIOS NORTE;BS;Pagado;Pendiente;45853.05;45853.05;OK;0
5196;CIUDAD DE DIOS NORTE;BS;Pendiente;Pendiente;45853.05;45853.05;OK;0
5197;CIUDAD DE DIOS NORTE;BS;Pagado;Pendiente;17924.4;17924.4;OK;0
5198;CIUDAD DE DIOS NORTE;BS;Retenido;Pendiente;35848.54;35848.54;OK;0
5210;CIUDAD DE DIOS NORTE;BS;Pendiente;Pendiente;38142.1;38142.1;OK;0
5211;CIUDAD DE DIOS NORTE;BS;Pendiente;Pendiente;38141.2;38141.2;OK;0
5212;CIUDAD DE DIOS NORTE;BS;Pendiente;Pendiente;44987.85;44987.85;OK;0
5218;CIUDAD DE DIOS NORTE;BS;Pendiente;Pendiente;35485;35485;OK;0
5219;CIUDAD DE DIOS NORTE;BS;Pagado;Pendiente;0;0;OK;0
5224;CIUDAD DE DIOS NORTE;BS;Pendiente;Pendiente;45148.5;45148.5;OK;0
5225;CIUDAD DE DIOS NORTE;BS;Pendiente;Pendiente;41138.87;41138.87;OK;0
5230;CIUDAD DE DIOS NORTE;BS;Fusionado;Pendiente;49313.65;49313.65;OK;0
5231;CIUDAD DE DIOS NORTE;BS;Fusionado;Pendiente;49313.65;49313.65;OK;0
5239;CIUDAD DE DIOS NORTE;BS;Pendiente;Pendiente;48503;48503;OK;0
5240;CIUDAD DE DIOS NORTE;BS;Pendiente;Pendiente;73333.37;73333.37;OK;0
5250;CIUDAD DE DIOS NORTE;BS;Retenido;Pendiente;47166.62;47166.62;OK;0
5251;CIUDAD DE DIOS NORTE;BS;Pendiente;Pendiente;59072.97;59072.97;OK;0
5252;CIUDAD DE DIOS NORTE;BS;Fusionado;Pendiente;32633.97;32633.95;OK;0.02
5253;CIUDAD DE DIOS NORTE;BS;Fusionado;Pendiente;70180.69;70180.69;OK;0
5254;CIUDAD DE DIOS NORTE;BS;Fusionado;Pendiente;70180.69;70180.69;OK;0
5255;CIUDAD DE DIOS NORTE;BS;Retenido;Pendiente;47565.67;47565.67;OK;0
5256;CIUDAD DE DIOS NORTE;BS;Retenido;Pendiente;47424.23;47424.23;OK;0
5257;CIUDAD DE DIOS NORTE;BS;Pendiente;Pendiente;44648.38;44648.38;OK;0
5258;CIUDAD DE DIOS NORTE;BS;Pendiente;Pendiente;89202.8;89202.8;OK;0
5262;CIUDAD DE DIOS NORTE;BS;Pendiente;Pendiente;50236.4;50236.4;OK;0
5263;CIUDAD DE DIOS NORTE;BS;Pendiente;Pendiente;44988.05;44988.05;OK;0
5264;CIUDAD DE DIOS NORTE;BS;Retenido;Pendiente;42723.31;42723.31;OK;0
5265;CIUDAD DE DIOS NORTE;BS;Retenido;Pendiente;42707.3;42707.3;OK;0
5267;CIUDAD DE DIOS NORTE;BS;Pendiente;Pendiente;46718.2;46718.2;OK;0
5268;CIUDAD DE DIOS NORTE;BS;Pendiente;Pendiente;46718.2;46718.2;OK;0
5269;CIUDAD DE DIOS NORTE;BS;Fusionado;Pendiente;73227.28;73227.28;OK;0
5270;CIUDAD DE DIOS NORTE;BS;Fusionado;Pendiente;73227.28;73227.28;OK;0
5271;CIUDAD DE DIOS NORTE;BS;Pendiente;Pendiente;72000.04;72000.04;OK;0
5272;CIUDAD DE DIOS NORTE;BS;Pagado;Pendiente;46309.04;46309.04;OK;0
5273;CIUDAD DE DIOS NORTE;BS;Retenido;Pendiente;73227.28;73227.28;OK;0
5274;CIUDAD DE DIOS NORTE;BS;Retenido;Pendiente;73227.28;73227.28;OK;0
5275;CIUDAD DE DIOS NORTE;BS;Pagado;Pendiente;46309.04;46309.04;OK;0
5292;CIUDAD DE DIOS NORTE;USD;Fusionado;Pendiente;5501.76;5501.76;OK;0
5305;CIUDAD DE DIOS NORTE;BS;Pendiente;Pendiente;46718.2;46718.2;OK;0
5306;CIUDAD DE DIOS NORTE;BS;Pendiente;Pendiente;47583.35;47583.35;OK;0
5307;CIUDAD DE DIOS NORTE;USD;Pendiente;Pendiente;5509.52;5509.52;OK;0
5308;CIUDAD DE DIOS NORTE;USD;Retenido;Pendiente;6468.45;6468.45;OK;0
5310;CIUDAD DE DIOS NORTE;BS;Retenido;Pendiente;42408.63;42408.63;OK;0
5311;CIUDAD DE DIOS NORTE;BS;Pendiente;Pendiente;46717.65;46717.65;OK;0
5312;CIUDAD DE DIOS NORTE;BS;Pendiente;Pendiente;45853.05;45853.05;OK;0
5313;CIUDAD DE DIOS NORTE;BS;Retenido;Pendiente;63077.62;63077.62;OK;0
5314;CIUDAD DE DIOS NORTE;BS;Pendiente;Pendiente;43186.48;43186.48;OK;0
5315;CIUDAD DE DIOS NORTE;BS;Pendiente;Pendiente;50215.15;50215.15;OK;0
5320;CIUDAD DE DIOS NORTE;BS;Pendiente;Pendiente;45852.95;45852.95;OK;0
5321;CIUDAD DE DIOS NORTE;BS;Pendiente;Pendiente;45852.95;45852.95;OK;0
5322;CIUDAD DE DIOS NORTE;BS;Retenido;Pendiente;44648.54;44648.54;OK;0
5323;CIUDAD DE DIOS NORTE;BS;Pendiente;Pendiente;46779.48;46779.48;OK;0
5327;CIUDAD DE DIOS NORTE;BS;Retenido;Pendiente;41469.6;41469.6;OK;0
5328;CIUDAD DE DIOS NORTE;BS;Pendiente;Pendiente;61946.88;61946.88;OK;0
5329;CIUDAD DE DIOS NORTE;BS;Retenido;Pendiente;46750;46750;OK;0
5330;CIUDAD DE DIOS NORTE;BS;Fusionado;Pendiente;46309.04;46309.04;OK;0
5331;CIUDAD DE DIOS NORTE;BS;Pendiente;Pendiente;63773.97;63773.97;OK;0
5332;CIUDAD DE DIOS NORTE;BS;Pendiente;Pendiente;44608.15;44608.15;OK;0
5333;CIUDAD DE DIOS NORTE;BS;Pendiente;Pendiente;89895.34;89895.34;OK;0
5334;CIUDAD DE DIOS NORTE;BS;Pendiente;Pendiente;60289.1;60289.1;OK;0
5336;CIUDAD DE DIOS NORTE;BS;Retenido;Pendiente;43483.8;43483.8;OK;0
5340;CIUDAD DE DIOS NORTE;USD;Pendiente;Pendiente;6965.33;6965.33;OK;0
5341;CIUDAD DE DIOS NORTE;BS;Pendiente;Pendiente;45853.05;45853.05;OK;0
5353;CIUDAD DE DIOS NORTE;USD;Pendiente;Pendiente;8219.31;8219.31;OK;0
5354;CIUDAD DE DIOS NORTE;BS;Pagado;Pendiente;0;33775.93;ERROR;-33775.93
5355;CIUDAD DE DIOS NORTE;BS;Pendiente;Pendiente;39380.47;39380.47;OK;0
5356;CIUDAD DE DIOS NORTE;BS;Pendiente;Pendiente;39380.47;39380.47;OK;0
5357;CIUDAD DE DIOS NORTE;BS;Pendiente;Pendiente;46129;46129;OK;0
5370;CIUDAD DE DIOS NORTE;BS;Pendiente;Pendiente;35919.16;35919.16;OK;0
5371;CIUDAD DE DIOS NORTE;BS;Fusionado;Pendiente;29457.99;29457.99;OK;0
5372;CIUDAD DE DIOS NORTE;BS;Pendiente;Pendiente;44754.52;44754.52;OK;0
5373;CIUDAD DE DIOS NORTE;BS;Pendiente;Pendiente;66138.04;66138.04;OK;0
5374;CIUDAD DE DIOS NORTE;BS;Pendiente;Pendiente;84716.62;84716.62;OK;0
5378;CIUDAD DE DIOS NORTE;BS;Pendiente;Pendiente;33438.86;33438.86;OK;0
5379;CIUDAD DE DIOS NORTE;BS;Pendiente;Pendiente;44593.88;44593.88;OK;0
5380;CIUDAD DE DIOS NORTE;BS;Retenido;Pendiente;46750;46750;OK;0
5382;CIUDAD DE DIOS NORTE;BS;Pendiente;Pendiente;46750;46750;OK;0
5386;CIUDAD DE DIOS NORTE;BS;Pendiente;Pendiente;50824.2;50824.2;OK;0
5399;CIUDAD DE DIOS NORTE;BS;Pendiente;Pendiente;49450.88;49450.88;OK;0
5400;CIUDAD DE DIOS NORTE;BS;Pendiente;Pendiente;49450.88;49450.88;OK;0
5401;CIUDAD DE DIOS NORTE;BS;Pendiente;Pendiente;49449.88;49449.88;OK;0
5402;CIUDAD DE DIOS NORTE;BS;Retenido;Pendiente;55895.6;55895.6;OK;0
5403;CIUDAD DE DIOS NORTE;BS;Pendiente;Pendiente;46750;46750;OK;0
5404;CIUDAD DE DIOS NORTE;BS;Pendiente;Pendiente;47450;47450;OK;0
5405;CIUDAD DE DIOS NORTE;BS;Pendiente;Pendiente;47166.62;47166.62;OK;0
5406;CIUDAD DE DIOS NORTE;BS;Pendiente;Pendiente;47450;47450;OK;0
5407;CIUDAD DE DIOS NORTE;BS;Pendiente;Pendiente;47600;47600;OK;0
5408;CIUDAD DE DIOS NORTE;BS;Pendiente;Pendiente;75515.2;75515.2;OK;0
5409;CIUDAD DE DIOS NORTE;BS;Pendiente;Pendiente;45900;45900;OK;0
5410;CIUDAD DE DIOS NORTE;BS;Pendiente;Pendiente;36537.93;36537.93;OK;0
5411;CIUDAD DE DIOS NORTE;BS;Pendiente;Pendiente;41411.8;41411.8;OK;0
5412;CIUDAD DE DIOS NORTE;BS;Pendiente;Pendiente;41521.76;41521.76;OK;0
5416;CIUDAD DE DIOS NORTE;BS;Retenido;Pendiente;39157.91;39157.9;OK;0.01
5417;CIUDAD DE DIOS NORTE;BS;Pendiente;Pendiente;39143.92;39143.92;OK;0
5418;CIUDAD DE DIOS NORTE;BS;Retenido;Pendiente;42418.99;42418.99;OK;0
5425;CIUDAD DE DIOS NORTE;BS;Pendiente;Pendiente;70482;70482;OK;0
5432;CIUDAD DE DIOS NORTE;BS;Pendiente;Pendiente;45853.05;45853.05;OK;0
5448;CIUDAD DE DIOS NORTE;BS;Pendiente;Pendiente;47516.2;47516.2;OK;0
5449;CIUDAD DE DIOS NORTE;USD;Fusionado;Pendiente;6337.94;6337.94;OK;0
5450;CIUDAD DE DIOS NORTE;USD;Pendiente;Pendiente;33200.42;33200.42;OK;0
5452;CIUDAD DE DIOS NORTE;BS;Pendiente;Pendiente;53548.45;53548.45;OK;0
5468;CIUDAD DE DIOS NORTE;BS;Pendiente;Pendiente;47175.8;47175.8;OK;0
5469;CIUDAD DE DIOS NORTE;BS;Pagado;Pendiente;0;0.02;OK;-0.02
5470;CIUDAD DE DIOS NORTE;BS;Pagado;Pendiente;0;0;OK;0
5471;CIUDAD DE DIOS NORTE;BS;Pagado;Pendiente;0;0;OK;0
5472;CIUDAD DE DIOS NORTE;BS;Pendiente;Pendiente;46333.38;46333.38;OK;0
5473;CIUDAD DE DIOS NORTE;BS;Pendiente;Pendiente;50333.35;50333.35;OK;0
5474;CIUDAD DE DIOS NORTE;BS;Pendiente;Pendiente;46750;46750;OK;0
5475;CIUDAD DE DIOS NORTE;BS;Pendiente;Pendiente;41350.24;41350.24;OK;0
5476;CIUDAD DE DIOS NORTE;BS;Retenido;Pendiente;72083.3;72083.3;OK;0
5491;CIUDAD DE DIOS NORTE;BS;Pendiente;Pendiente;58344.95;58344.95;OK;0
5492;CIUDAD DE DIOS NORTE;BS;Pendiente;Pendiente;75225;75225;OK;0
5493;CIUDAD DE DIOS NORTE;BS;Pendiente;Pendiente;75225;75225;OK;0
5494;CIUDAD DE DIOS NORTE;BS;Pendiente;Pendiente;74814.6;74814.6;OK;0
5495;CIUDAD DE DIOS NORTE;BS;Pendiente;Pendiente;23282.8;23282.8;OK;0
5496;CIUDAD DE DIOS NORTE;BS;Retenido;Pendiente;38452.78;38452.78;OK;0
5503;CIUDAD DE DIOS NORTE;USD;Pagado;Pendiente;0;0;OK;0
5504;CIUDAD DE DIOS NORTE;USD;Pagado;Pendiente;0;0;OK;0
5505;CIUDAD DE DIOS NORTE;USD;Pagado;Pendiente;0;0;OK;0
5506;CIUDAD DE DIOS NORTE;USD;Pagado;Pendiente;0;0;OK;0
5507;CIUDAD DE DIOS NORTE;USD;Pagado;Pendiente;0;0;OK;0
5508;CIUDAD DE DIOS NORTE;USD;Pagado;Pendiente;0;0;OK;0
5509;CIUDAD DE DIOS NORTE;USD;Pagado;Pendiente;0;0;OK;0
5510;CIUDAD DE DIOS NORTE;USD;Pagado;Pendiente;0;0;OK;0
5511;CIUDAD DE DIOS NORTE;USD;Pagado;Pendiente;0;0;OK;0
5512;CIUDAD DE DIOS NORTE;USD;Pagado;Pendiente;0;0;OK;0
5513;CIUDAD DE DIOS NORTE;USD;Pagado;Pendiente;0;0;OK;0
5514;CIUDAD DE DIOS NORTE;USD;Pagado;Pendiente;0;0;OK;0
5515;CIUDAD DE DIOS NORTE;USD;Pagado;Pendiente;0;0;OK;0
5516;CIUDAD DE DIOS NORTE;USD;Pagado;Pendiente;0;0;OK;0
5517;CIUDAD DE DIOS NORTE;USD;Pagado;Pendiente;0;0;OK;0
5518;CIUDAD DE DIOS NORTE;USD;Pagado;Pendiente;0;0;OK;0
5519;CIUDAD DE DIOS NORTE;USD;Pagado;Pendiente;0;0;OK;0
5520;CIUDAD DE DIOS NORTE;USD;Pagado;Pendiente;0;0;OK;0
5521;CIUDAD DE DIOS NORTE;USD;Pagado;Pendiente;0;0;OK;0
5522;CIUDAD DE DIOS NORTE;USD;Pagado;Pendiente;0;0;OK;0
5523;CIUDAD DE DIOS NORTE;USD;Pagado;Pendiente;0;0;OK;0
5524;CIUDAD DE DIOS NORTE;USD;Pagado;Pendiente;0;0;OK;0
5525;CIUDAD DE DIOS NORTE;USD;Pagado;Pendiente;0;0;OK;0
5526;CIUDAD DE DIOS NORTE;USD;Pagado;Pendiente;0;0;OK;0
5527;CIUDAD DE DIOS NORTE;USD;Pagado;Pendiente;0;0;OK;0
5528;CIUDAD DE DIOS NORTE;USD;Pagado;Pendiente;0;0;OK;0
5529;CIUDAD DE DIOS NORTE;USD;Pagado;Pendiente;0;0;OK;0
5530;CIUDAD DE DIOS NORTE;USD;Pagado;Pendiente;0;0;OK;0
5531;CIUDAD DE DIOS NORTE;USD;Pagado;Pendiente;0;0;OK;0
5532;CIUDAD DE DIOS NORTE;USD;Pagado;Pendiente;0;0;OK;0
5533;CIUDAD DE DIOS NORTE;USD;Pagado;Pendiente;0;0;OK;0
5534;CIUDAD DE DIOS NORTE;USD;Pagado;Pendiente;0;0;OK;0
5535;CIUDAD DE DIOS NORTE;USD;Pagado;Pendiente;0;0;OK;0
5536;CIUDAD DE DIOS NORTE;USD;Pagado;Pendiente;0;0;OK;0
5537;CIUDAD DE DIOS NORTE;USD;Pagado;Pendiente;0;0;OK;0
5538;CIUDAD DE DIOS NORTE;USD;Pagado;Pendiente;0;0;OK;0
5539;CIUDAD DE DIOS NORTE;USD;Pagado;Pendiente;0;0;OK;0
5620;CIUDAD DE DIOS NORTE;USD;Pendiente;Pendiente;1171118.67;1171118.67;OK;0
6409;CIUDAD DE DIOS NORTE;BS;Pendiente;Pendiente;95967.24;95967.24;OK;0
6471;CIUDAD DE DIOS NORTE;BS;Pendiente;Pendiente;39878.8;39878.8;OK;0
6472;CIUDAD DE DIOS NORTE;BS;Retenido;Pendiente;80550;80550;OK;0
6473;CIUDAD DE DIOS NORTE;BS;Pagado;Pendiente;80550;80550;OK;0
6474;CIUDAD DE DIOS NORTE;BS;Pendiente;Pendiente;49313.65;49313.65;OK;0
6475;CIUDAD DE DIOS NORTE;BS;Pendiente;Pendiente;44077.9;44077.9;OK;0
6476;CIUDAD DE DIOS NORTE;BS;Pendiente;Pendiente;43608.5;43608.5;OK;0
6477;CIUDAD DE DIOS NORTE;BS;Pendiente;Pendiente;46449.85;46449.85;OK;0
6478;CIUDAD DE DIOS NORTE;BS;Pagado;Pendiente;23713.18;23713.18;OK;0
6616;CIUDAD DE DIOS NORTE;BS;Pendiente;Pendiente;27594.7;27594.7;OK;0
6617;CIUDAD DE DIOS NORTE;BS;Pendiente;Pendiente;30148.52;30148.52;OK;0
6618;CIUDAD DE DIOS NORTE;BS;Pendiente;Pendiente;28681.35;28681.35;OK;0
6629;CIUDAD DE DIOS NORTE;USD;Pendiente;Pendiente;5966.2;5966.2;OK;0
6630;CIUDAD DE DIOS NORTE;BS;Pendiente;Pendiente;34354.6;34354.6;OK;0
6668;CIUDAD DE DIOS NORTE;BS;Pagado;Pendiente;43460.9;44460.9;ERROR;-1000
6704;CIUDAD DE DIOS NORTE;BS;Pendiente;Pendiente;48860.64;48860.64;OK;0
6708;CIUDAD DE DIOS NORTE;BS;Pagado;Pendiente;0;0;OK;0
6709;CIUDAD DE DIOS NORTE;BS;Pagado;Pendiente;0;0;OK;0
6710;CIUDAD DE DIOS NORTE;BS;Pagado;Pendiente;0;0;OK;0
6711;CIUDAD DE DIOS NORTE;BS;Pagado;Pendiente;0;0;OK;0
6712;CIUDAD DE DIOS NORTE;BS;Pagado;Pendiente;0;0;OK;0
6731;CIUDAD DE DIOS NORTE;BS;Retenido;Pendiente;39292.65;39292.65;OK;0
6732;CIUDAD DE DIOS NORTE;BS;Pendiente;Pendiente;25359.6;25359.6;OK;0
6757;CIUDAD DE DIOS NORTE;BS;Pendiente;Pendiente;34777.94;34777.94;OK;0
6779;CIUDAD DE DIOS NORTE;BS;Pagado;Pendiente;16285.8;16285.8;OK;0
6781;CIUDAD DE DIOS NORTE;BS;Retenido;Pendiente;67110.29;67110.29;OK;0
6782;CIUDAD DE DIOS NORTE;BS;Retenido;Pendiente;50352.3;50352.3;OK;0
6783;CIUDAD DE DIOS NORTE;BS;Retenido;Pendiente;23875.98;23875.98;OK;0
6791;CIUDAD DE DIOS NORTE;BS;Pagado;Pendiente;10003.2;10003.2;OK;0
6792;CIUDAD DE DIOS NORTE;BS;Pagado;Pendiente;0;5140.23;ERROR;-5140.23
6899;CIUDAD DE DIOS NORTE;BS;Pagado;Pendiente;0;0;OK;0
6936;CIUDAD DE DIOS NORTE;BS;Pendiente;Pendiente;36515.07;36515.07;OK;0
6937;CIUDAD DE DIOS NORTE;USD;Pendiente;Pendiente;8551.52;8551.52;OK;0
7164;CIUDAD DE DIOS NORTE;BS;Pagado;Pendiente;0;1499.77;ERROR;-1499.77
7190;CIUDAD DE DIOS NORTE;USD;Fusionado;Pendiente;6120.77;6120.77;OK;0
7191;CIUDAD DE DIOS NORTE;USD;Fusionado;Pendiente;6815.64;6815.64;OK;0
7192;CIUDAD DE DIOS NORTE;USD;Pendiente;Pendiente;9007.79;9007.79;OK;0
7193;CIUDAD DE DIOS NORTE;USD;Fusionado;Pendiente;7773.53;7773.53;OK;0
7194;CIUDAD DE DIOS NORTE;USD;Fusionado;Pendiente;7018.4;7018.4;OK;0
7195;CIUDAD DE DIOS NORTE;USD;Pendiente;Pendiente;8712.43;8712.43;OK;0
7210;CIUDAD DE DIOS NORTE;BS;Pendiente;Pendiente;52589.02;52589.02;OK;0
7211;CIUDAD DE DIOS NORTE;BS;Pendiente;Pendiente;52589.02;52589.02;OK;0
7215;CIUDAD DE DIOS NORTE;BS;Pendiente;Pendiente;51549.05;51549.05;OK;0
7216;CIUDAD DE DIOS NORTE;BS;Pendiente;Pendiente;49724.25;49724.25;OK;0
7217;CIUDAD DE DIOS NORTE;BS;Pendiente;Pendiente;49724.25;49724.25;OK;0
7222;CIUDAD DE DIOS NORTE;BS;Pendiente;Pendiente;52589.02;52589.02;OK;0
7223;CIUDAD DE DIOS NORTE;BS;Pendiente;Pendiente;73215.55;73215.55;OK;0
7224;CIUDAD DE DIOS NORTE;BS;Retenido;Pendiente;41730;41730;OK;0
7225;CIUDAD DE DIOS NORTE;BS;Retenido;Pendiente;48178.46;48178.46;OK;0
7226;CIUDAD DE DIOS NORTE;BS;Pagado;Pendiente;60148.75;60148.75;OK;0
7238;CIUDAD DE DIOS NORTE;BS;Pagado;Pendiente;49724.2;49724.2;OK;0
7249;CIUDAD DE DIOS NORTE;BS;Pendiente;Pendiente;53106.51;53106.51;OK;0
7250;CIUDAD DE DIOS NORTE;BS;Fusionado;Pendiente;54055.01;54055.01;OK;0
7322;CIUDAD DE DIOS NORTE;BS;Retenido;Pendiente;46620;46620;OK;0
7323;CIUDAD DE DIOS NORTE;BS;Pendiente;Pendiente;85066.66;85066.66;OK;0
7325;CIUDAD DE DIOS NORTE;BS;Pendiente;Pendiente;48806.37;48806.37;OK;0
7326;CIUDAD DE DIOS NORTE;BS;Pendiente;Pendiente;48253.15;48253.15;OK;0
7342;CIUDAD DE DIOS NORTE;BS;Pendiente;Pendiente;54055.01;54055.01;OK;0
7343;CIUDAD DE DIOS NORTE;BS;Pendiente;Pendiente;54055.01;54055.01;OK;0
7344;CIUDAD DE DIOS NORTE;BS;Pendiente;Pendiente;54055.01;54055.01;OK;0
7345;CIUDAD DE DIOS NORTE;BS;Pendiente;Pendiente;54054.84;54054.84;OK;0
7355;CIUDAD DE DIOS NORTE;BS;Retenido;Pendiente;102525;102525;OK;0
7394;CIUDAD DE DIOS NORTE;BS;Retenido;Pendiente;19050;19050;OK;0
7426;CIUDAD DE DIOS NORTE;BS;Retenido;Pendiente;55003.34;55003.34;OK;0
7427;CIUDAD DE DIOS NORTE;BS;Retenido;Pendiente;55165;55165;OK;0
7428;CIUDAD DE DIOS NORTE;BS;Retenido;Pendiente;55165;55165;OK;0
7429;CIUDAD DE DIOS NORTE;BS;Retenido;Pendiente;55165;55165;OK;0
7430;CIUDAD DE DIOS NORTE;BS;Retenido;Pendiente;86000;86000;OK;0
7431;CIUDAD DE DIOS NORTE;BS;Retenido;Pendiente;55165;55165;OK;0
7451;CIUDAD DE DIOS NORTE;BS;Retenido;Pendiente;56100;56100;OK;0
7452;CIUDAD DE DIOS NORTE;BS;Pendiente;Pendiente;54181.67;54181.67;OK;0
7453;CIUDAD DE DIOS NORTE;BS;Pendiente;Pendiente;59515.35;59515.35;OK;0
7525;CIUDAD DE DIOS NORTE;BS;Pendiente;Pendiente;66194.85;66194.85;OK;0
7528;CIUDAD DE DIOS NORTE;BS;Pendiente;Pendiente;55165;55165;OK;0
7529;CIUDAD DE DIOS NORTE;BS;Retenido;Pendiente;73500;73500;OK;0
7566;CIUDAD DE DIOS NORTE;BS;Pendiente;Pendiente;49475.81;49475.81;OK;0
7575;CIUDAD DE DIOS NORTE;BS;Pendiente;Pendiente;49365.67;49365.67;OK;0
7576;CIUDAD DE DIOS NORTE;BS;Pendiente;Pendiente;49382.91;49382.91;OK;0
7578;CIUDAD DE DIOS NORTE;BS;Pagado;Pendiente;21443.5;21443.5;OK;0
7579;CIUDAD DE DIOS NORTE;BS;Pendiente;Pendiente;21451.42;21451.42;OK;0
